"Name","Name_og.beataml","dupcount.beataml","dupnum.beataml","dupletter.beataml","m.z.beataml","RT..min..beataml","Tags.beataml","Standardized.name.beataml","Super.class.beataml","Main.class.beataml","Sub.class.beataml","Formula.beataml","Annotation.MW.beataml","Annot..DeltaMass..ppm..beataml","Reference.Ion.beataml","Blank_BEAT_AML_01","Blank_BEAT_AML_01_3","Blank_BEAT_AML_01_2","Blank_BEAT_AML_02","Blank_BEAT_AML_03","Blank_BEAT_AML_04","Blank_BEAT_AML_05","Blank_BEAT_AML_02_2","Name_og.pilot","dupcount.pilot","dupnum.pilot","dupletter.pilot","m.z.pilot","RT..min..pilot","Tags.pilot","Standardized.name.pilot","Super.class.pilot","Main.class.pilot","Sub.class.pilot","Pubchem.CID","CHEBI_ID","KEGG_ID","INCHI_KEY","Formula.pilot","Annotation.MW.pilot","Annot..DeltaMass..ppm..pilot","Reference.Ion.pilot","PTRC_exp26_Met_Blank_Pr_01","PTRC_exp26_Met_Blank_Pr_02","PTRC_exp26_Met_Blank_Pr_03","PTRC_exp26_Met_QC_Pool_01","PTRC_exp26_Met_QC_Pool_02","PTRC_exp26_Met_QC_Pool_03","PTRC_exp26_Met_QC_Pool_04","PTRC_exp26_Met_QC_Pool_05","PTRC_exp26_Met_QC_Pool_06","PTRC_exp26_Met_QC_Pool_07"
"rppos_3.Hydroxyhexadecanoylcarnitine","3-Hydroxyhexadecanoylcarnitine",1,1,"A",416.33687,9.675,"Confirmed ID (HIgh Confidence)","CAR 16:0;3OH","Fatty Acyls","Fatty esters","Acyl carnitines","C23 H45 N O5",415.32977,-0.42,"[M+H]+1",22684.0332535236,21982.2124639571,21700.5789240805,22190.0681247574,22277.4813203138,22029.7446988983,22312.6259030761,NA,"3-Hydroxyhexadecanoylcarnitine",1,1,"A",416.33818,8.829,"Confirmed ID (HIgh Confidence)","CAR 16:0;3OH","Fatty Acyls","Fatty esters","Acyl carnitines","126456228","73070",NA,"XKAZIAFZAQAHHG-BPGUCPLFSA-N","C23 H45 N O5",415.32977,2.73,"[M+H]+1",6452.92022866469,7251.95717960738,7847.19529563202,452561.152741334,385568.798167374,539925.017781455,486516.336449879,518831.864231011,477170.899418489,560498.958548298
"rppos_5.Oxoproline","5-Oxoproline",1,1,"A",130.04973,0.998,"Confirmed ID (HIgh Confidence)","Pyroglutamic acid","Organic acids","Amino acids and peptides","Amino acids","C5 H7 N O3",129.04259,-1.99,"[M+H]+1",1453501.75185615,561774.084952165,551472.196884777,2025815.30455487,2634324.06947857,1840953.96207252,2195311.67183219,NA,"5-Oxoproline",1,1,"A",130.05007,1.13,"Match with Mass and RT only","Pyroglutamic acid","Organic acids","Amino acids and peptides","Amino acids","7405","18183","C01879","ODHCTXKNWHHXJC-VKHMYHEASA-N","C5 H7 N O3",129.04259,1.78,"[M+H]+1",4376.10878250251,5195.24545196999,7331.56193371451,3717171.42270111,3156345.29883833,3220882.10776376,1162019.3540484,2817052.62603232,3656237.01379783,3676772.60171797
"rppos_Acetyl.L.carnitine","Acetyl-L-carnitine",1,1,"A",204.12264,1.024,"Confirmed ID (HIgh Confidence)","CAR 2:0","Fatty Acyls","Fatty esters","Acyl carnitines","C9 H17 N O4",203.11576,-1.93,"[M+H]+1",650018.585469308,356989.519527278,141010.68448198,545847.178365395,250319.758990711,349295.479238279,336251.536166542,NA,"Acetyl-L-carnitine",1,1,"A",204.12352,1.011,"Confirmed ID (HIgh Confidence)","CAR 2:0","Fatty Acyls","Fatty esters","Acyl carnitines","18230","86045",NA,"RDHQFKQIGNGIED-QMMMGPOBSA-N","C9 H17 N O4",203.11576,2.37,"[M+H]+1",52767.6783654758,125848.925989361,46074.3807359321,44621490.0711501,37460821.125169,49669026.0756055,50865006.935279,41773757.7360212,41238185.6818289,42212883.1088469
"rppos_Adenosine","Adenosine",1,1,"A",268.10352,1.271,"Confirmed ID (HIgh Confidence)","Adenosine","Nucleic acids","Purines","Purine ribonucleosides","C10 H13 N5 O4",267.09675,-1.97,"[M+H]+1",30743.0738164411,29927.8740125279,29819.0140359831,27711.5425505094,27805.9149805101,26803.8316883843,27627.3202396687,NA,"Adenosine",1,1,"A",268.10477,1.29,"Confirmed ID (HIgh Confidence)","Adenosine","Nucleic acids","Purines","Purine ribonucleosides","60961","16335","C00212","OIRDTQYFTABQOQ-KQYNXXCUSA-N","C10 H13 N5 O4",267.09675,2.75,"[M+H]+1",12243.2098348977,15876.6992959613,78894.9239355667,6476846.67953308,5826963.20899567,5903024.22825954,5257396.25566698,5081286.55131849,5198018.86333609,5300070.57497678
"rppos_Arginine","Arginine",1,1,"A",175.11873,0.92,"Confirmed ID (HIgh Confidence)","Arginine","Organic acids","Amino acids and peptides","Amino acids","C6 H14 N4 O2",174.11168,-1.27,"[M+H]+1",240018.610978018,273970.686245156,400671.322749955,194275.16190719,149148.313327737,109041.217066677,134043.947199341,NA,"Arginine",1,1,"A",175.11921,0.908,"Confirmed ID (HIgh Confidence)","Arginine","Organic acids","Amino acids and peptides","Amino acids","6322","16467","C00062","ODKSFYDXXFIFQN-BYPYZUCNSA-N","C6 H14 N4 O2",174.11168,1.46,"[M+H]+1",66718.1014989713,67498.8640296908,23790.8767540389,10832733.7849435,8962028.97724847,8685676.10987866,9938589.44153612,7980257.17358776,10374010.24057,9329978.12536473
"rppos_Carnitine","Carnitine",1,1,"A",162.1121,0.983,"Confirmed ID (HIgh Confidence)","Carnitine","Organic nitrogen compounds","Carnitines","Carnitines","C7 H15 N O3",161.10519,-2.22,"[M+H]+1",170804.414694314,81884.0774640351,132639.878819039,72025.045087096,51415.8539375907,106060.427224011,125069.432248449,NA,"Carnitine",1,1,"A",162.1126,0.936,"Confirmed ID (HIgh Confidence)","Carnitine","Organic nitrogen compounds","Carnitines","Carnitines","10917","16347","C00487","PHIQHXFUZVPYII-ZCFIWIBFSA-N","C7 H15 N O3",161.10519,0.77,"[M+H]+1",104652.241845831,142141.83998913,111345.799709959,11459645.1933619,12695626.588342,12885150.51796,14115219.4474924,10598776.3857058,12578486.3539992,12472330
"rppos_Creatine","Creatine",1,1,"A",132.07655,0.992,"Confirmed ID (HIgh Confidence)","Creatine","Organic acids","Amino acids and peptides","Amino acids","C4 H9 N3 O2",131.06948,-1.45,"[M+H]+1",179415.828652501,46840.730942709,32602.4096931865,68621.5278385589,95138.6212288899,79771.7368591507,108335.312535372,NA,"Creatine",1,1,"A",132.07695,1.121,"Confirmed ID (HIgh Confidence)","Creatine","Organic acids","Amino acids and peptides","Amino acids","586","16919","C00300","CVSVTCORWBXHQV-UHFFFAOYSA-N","C4 H9 N3 O2",131.06948,1.5,"[M+H]+1",63216.3689592674,82751.0109419468,47248.2048922727,16465868.6880479,11382062.4477554,13319580.9913149,12295779.1831225,8639661.80878754,18788730,17632026.2212504
"rppos_Deoxycarnitine","Deoxycarnitine",1,1,"A",146.11732,0.993,"Confirmed ID (HIgh Confidence)","3-Dehydroxycarnitine","Fatty Acyls","Fatty esters","Acyl carnitines","C7 H15 N O2",145.11028,-1.63,"[M+H]+1",553050.086150752,121834.838113379,37773.8847135864,98037.3192556957,126669.91836333,51190.4408437171,220702.914394397,NA,"Deoxycarnitine",1,1,"A",146.1178,0.999,"Match with Mass and RT only","3-Dehydroxycarnitine","Fatty Acyls","Fatty esters","Acyl carnitines","725","16244","C01181","JHPNVNIEXXLNTR-UHFFFAOYSA-N","C7 H15 N O2",145.11028,1.67,"[M+H]+1",50102.2551340755,46550.582471837,111756.242898141,686525.810015017,735109.656411506,843592.23792325,757759.701090656,744352.986577153,728385.974555483,598451.164241898
"rppos_Dodecanoylcarnitine","Dodecanoylcarnitine",1,1,"A",344.27935,8.91,"Confirmed ID (HIgh Confidence)","CAR 12:0","Fatty Acyls","Fatty esters","Acyl carnitines","C19 H37 N O4",343.27226,-0.54,"[M+H]+1",19973.782645451,18767.2656271733,18521.8007819474,18470.007991299,18681.5604403911,18398.6662966486,18296.7460713999,NA,"Dodecanoylcarnitine",1,1,"A",344.28052,8.076,"Confirmed ID (HIgh Confidence)","CAR 12:0","Fatty Acyls","Fatty esters","Acyl carnitines","168381","77086",NA,"FUJLYHJROOYKRA-QGZVFWFLSA-N","C19 H37 N O4",343.27226,2.86,"[M+H]+1",21104.4887818181,80418.3558513505,24700.4460622932,1473750.11224709,875962.556710132,1562909.35484424,1120134.06658492,1169564.35684735,1196658.67742511,1321054.07809982
"rppos_Glutamine","Glutamine",1,1,"A",147.07607,0.995,"Confirmed ID (HIgh Confidence)","Glutamine","Organic acids","Amino acids and peptides","Amino acids","C5 H10 N2 O3",146.06914,-2.33,"[M+H]+1",93556.0528737761,991344.822104845,46614.1684825143,820243.597296121,818115.134194685,717038.493440701,916728.848831187,NA,"Glutamine",1,1,"A",147.07671,1.124,"Match with Mass and RT only","Glutamine","Organic acids","Amino acids and peptides","Amino acids","5961","18050","C00064","ZDXPYRJPNDTMRX-VKHMYHEASA-N","C5 H10 N2 O3",146.06914,1.94,"[M+H]+1",4432.6866967649,4290.22021684463,4276.3085666108,2965134.21434124,2490735.16435693,2444506.01736664,2449982.96708728,2774009.44786034,2338319.397693,2567025.73661616
"rppos_Glycerophosphocholine","Glycerophosphocholine",1,1,"A",258.10959,1.003,"Confirmed ID (HIgh Confidence)","sn-Glycero-3-phosphocholine","Organic acids","Organic phosphoric acids","Organic phosphoric acids","C8 H20 N O6 P",257.10282,-2,"[M+H]+1",24563.631230073,24042.2327442703,23954.7812637031,21604.7515040854,21968.1205243512,21789.5574609425,22239.4665280788,NA,"Glycerophosphocholine",1,1,"A",258.11089,1.144,"Confirmed ID (HIgh Confidence)","sn-Glycero-3-phosphocholine","Organic acids","Organic phosphoric acids","Organic phosphoric acids","657272","16870",NA,"SUHOQUVVVLNYQR-MRVPVSSYSA-N","C8 H20 N O6 P",257.10282,3.06,"[M+H]+1",12243.2098348977,15876.6992959613,78894.9239355667,6476846.67953308,5826963.20899567,5903024.22825954,5257396.25566698,5081286.55131849,5198018.86333609,5300070.57497678
"rppos_Hexanoylcarnitine","Hexanoylcarnitine",1,1,"A",260.18549,6.117,"Confirmed ID (HIgh Confidence)","CAR 6:0","Fatty Acyls","Fatty esters","Acyl carnitines","C13H25NO4",259.17836,-0.55,"[M+H]+1",38068.2570296348,24264.6627293049,21853.1445364269,20744.3953022858,21191.226786785,20559.454401612,27728.5381961711,NA,"Hexanoylcarnitine",1,1,"A",260.18631,5.351,"Confirmed ID (HIgh Confidence)","CAR 6:0","Fatty Acyls","Fatty esters","Acyl carnitines","3246938","84834",NA,"VVPRQWTYSNDTEA-LLVKDONJSA-N","C13 H25 N O4",259.17836,2.6,"[M+H]+1",81282.5964601211,113377.562146348,100562.503601933,1603431.47162432,1308377.70598685,1498854.40538232,1695590.06772192,1440912.74828103,1621802.41293566,1669779.41896142
"rppos_Hydroxybutyrylcarnitine","Hydroxybutyrylcarnitine",1,1,"A",248.14869,1.033,"Confirmed ID (HIgh Confidence)","CAR 4:0;OH","Fatty Acyls","Fatty esters","Acyl carnitines","C11 H21 N O5",247.14197,-2.27,"[M+H]+1",63150.284328231,25540.3584534404,25447.4576740191,31082.8073511506,23729.4849420589,28465.8286192822,23124.463853044,NA,"Hydroxybutyrylcarnitine",1,1,"A",248.15005,1.013,"Confirmed ID (HIgh Confidence)","CAR 4:0;OH","Fatty Acyls","Fatty esters","Acyl carnitines",NA,NA,NA,NA,"C11 H21 N O5",247.14197,3.24,"[M+H]+1",52604.2622524076,46628.2171700049,36823.1353756789,652740.96384441,553288.770739375,911290.291549801,915450,682839.147631944,674432.366879787,521178.40185623
"rppos_Hypoxanthine","Hypoxanthine",1,1,"A",137.04552,1.047,"Confirmed ID (HIgh Confidence)","Hypoxanthine","Nucleic acids","Purines","Hypoxanthines","C5 H4 N4 O",136.03851,-1.97,"[M+H]+1",45829.0903141113,28396.7670095046,25703.8172036505,169714.530958659,630012.805010384,128303.248130262,223139.73896725,NA,"Hypoxanthine",1,1,"A",137.04604,1.199,"Confirmed ID (HIgh Confidence)","Hypoxanthine","Nucleic acids","Purines","Hypoxanthines","135398638","17368","C00262","FDGQSTZJBFJUBT-UHFFFAOYSA-N","C5 H4 N4 O",136.03851,1.82,"[M+H]+1",10182.3657209366,12068.9785423483,12057.994177525,26192552.3613419,24901515.0982832,28006223.6531467,30054686.2266103,26105535,33161651,27817863.4542442
"rppos_Linoleyl.carnitine","Linoleyl carnitine",1,1,"A",424.34202,10.224,"Confirmed ID (HIgh Confidence)","CAR 18:2","Fatty Acyls","Fatty esters","Acyl carnitines","C25 H45 N O4",423.33486,-0.27,"[M+H]+1",20621.1968665953,19676.8605747969,19345.2992475903,20045.8502490332,19976.9963962507,19604.8392182793,19686.9488013798,NA,"Linoleyl carnitine",1,1,"A",424.34336,9.358,"Confirmed ID (HIgh Confidence)","CAR 18:2","Fatty Acyls","Fatty esters","Acyl carnitines",NA,NA,NA,NA,"C25 H45 N O4",423.33486,2.9,"[M+H]+1",4623.58415137321,5384.78415065665,5013.7560832388,1855676.78386978,1695910.13646758,2010759.69526476,2228417.74616735,1957882.32511665,2226715.06281818,2112823.48290172
"rppos_Octadecanoylcarnitine","Octadecanoylcarnitine",1,1,"A",428.37333,11.361,"Confirmed ID (HIgh Confidence)","CAR 18:0","Fatty Acyls","Fatty esters","Acyl carnitines","C25 H49 N O4",427.36616,-0.25,"[M+H]+1",22981.9995242398,22092.293219041,22179.4365459854,26187.6905052729,53280.728804905,48771.6270552703,27064.7298179598,NA,"Octadecanoylcarnitine",1,1,"A",428.37453,10.437,"Confirmed ID (HIgh Confidence)","CAR 18:0","Fatty Acyls","Fatty esters","Acyl carnitines","52922056","84644",NA,"FNPHNLNTJNMAEE-HSZRJFAPSA-N","C25 H49 N O4",427.36616,2.56,"[M+H]+1",168269.890472298,111175.998289986,77730.6560715895,12007588.0447042,13961910.417017,14585760.5005941,16710622.6973595,17099973.715207,15834083.8426729,21953299.4202201
"rppos_Oleoylcarnitine","Oleoylcarnitine",1,1,"A",426.35759,10.756,"Confirmed ID (HIgh Confidence)","CAR 18:1","Fatty Acyls","Fatty esters","Acyl carnitines","C25 H47 N O4",425.35051,-0.45,"[M+H]+1",21633.1735701551,20940.6326519172,21048.3369513722,21469.8407739323,21537.6848045195,25548.6677330779,20792.0610805974,NA,"Oleoylcarnitine",1,1,"A",426.35891,9.869,"Confirmed ID (HIgh Confidence)","CAR 18:1","Fatty Acyls","Fatty esters","Acyl carnitines",NA,NA,NA,NA,"C25 H47 N O4",425.35051,2.65,"[M+H]+1",5395.57259128319,5533.76289968725,5287.44106806837,8699554.34383407,8814981.90521694,11148153.4988112,11793715.8955072,12594532.6531151,11697164.7813872,13200303.7374834
"rppos_Palmitoylcarnitine","Palmitoylcarnitine",1,1,"A",400.34196,10.569,"Confirmed ID (HIgh Confidence)","CAR 16:0","Fatty Acyls","Fatty esters","Acyl carnitines","C23 H45 N O4",399.33486,-0.43,"[M+H]+1",20985.9904728233,20696.8647961393,20625.4568410649,34512.7323648796,35179.9984219207,44006.5241591204,23027.5312735865,NA,"Palmitoylcarnitine",1,1,"A",400.34306,9.687,"Not in Internal DB. MS/MS match only","CAR 16:0","Fatty Acyls","Fatty esters","Acyl carnitines","11953816","17490","C02990","XOMRRQXKHMYMOC-OAQYLSRUSA-N","C23 H45 N O4",399.33486,2.32,"[M+H]+1",45525.2000418485,37638.346109526,51788.8245419967,37477194.1831587,27728923.708376,37534025.6588855,35864530.7044111,38270208.2329837,29323519.6239489,38512199
"rppos_Phosphorylcholine","Phosphorylcholine",1,1,"A",184.073,1.004,"Confirmed ID (HIgh Confidence)","Choline phosphate","Organic nitrogen compounds","Cholines","Cholines","C5 H14 N O4 P",183.06604,-1.74,"[M+H]+1",22126.9944740835,21657.317116282,21194.5622451313,36557.1855613477,35645.329363962,29502.5719792266,31789.6503191615,NA,"Phosphorylcholine",1,1,"A",184.0737,1.135,"Confirmed ID (HIgh Confidence)","Choline phosphate","Organic nitrogen compounds","Cholines","Cholines","135437","18132",NA,"YHHSONZFOIEMCP-UHFFFAOYSA-N","C5 H14 N O4 P",183.06604,2.05,"[M+H]+1",5402.85322202052,5591.86877417728,5212.24916128841,2427691.39882025,2263238.310715,2049194.55472086,2319029.54882579,1678270.03767191,1614927.08124318,1657145.46645904
"rppos_Propionylcarnitine","Propionylcarnitine",1,1,"A",218.1383,1.051,"Confirmed ID (HIgh Confidence)","CAR 3:0","Fatty Acyls","Fatty esters","Acyl carnitines","C10 H19 N O4",217.13141,-1.74,"[M+H]+1",180495.800564171,21376.2521750903,101605.537099279,57808.123810468,50167.8070101202,53305.7914268187,33882.7049701788,NA,"Propionylcarnitine",1,1,"A",218.13922,1.016,"Confirmed ID (HIgh Confidence)","CAR 3:0","Fatty Acyls","Fatty esters","Acyl carnitines","188824","53210","C03017","UFAHZIUFPNSHSL-MRVPVSSYSA-N","C10 H19 N O4",217.13141,2.47,"[M+H]+1",79922.2750882811,173454.96141924,90913.6899479456,758092.235121076,1387411.34119216,1482012.57834302,1408629.01739351,1095089.69665724,1144115.88369268,1261597.00499486
"rppos_Spermidine","Spermidine",1,1,"A",146.16501,0.835,"Confirmed ID (HIgh Confidence)","Spermidine","Alkaloids","Ornithine alkaloids","Polyamines","C7 H19 N3",145.1579,-1.1,"[M+H]+1",53052.3389575937,47880.8160180058,48097.3052993197,46980.187311046,47914.365616046,47819.5239473809,47993.5461519498,NA,"Spermidine",1,1,"A",146.16531,0.879,"Confirmed ID (HIgh Confidence)","Spermidine","Alkaloids","Ornithine alkaloids","Polyamines","1102","16610","C00315","ATHGHQPFGPMSJY-UHFFFAOYSA-N","C7 H19 N3",145.1579,0.9,"[M+H]+1",11282.3989055119,11246.4839944678,9668.87003575875,5824207.96438649,6477746.20546253,6245641,7246807,7219636.58122283,6979783.67269482,8090669.20220032
"rppos_Spermine","Spermine",1,1,"A",203.22306,0.784,"Confirmed ID (HIgh Confidence)","Spermine","Alkaloids","Ornithine alkaloids","Polyamines","C10 H26 N4",202.21575,0.16,"[M+H]+1",31466.2243080959,28317.3903738423,28796.1357293335,28307.6520836619,28406.7344823133,28254.6092715483,27894.1974391503,NA,"Spermine",1,1,"A",203.22339,0.867,"Confirmed ID (HIgh Confidence)","Spermine","Alkaloids","Ornithine alkaloids","Polyamines","1103","15746","C00750","PFNFFQXMRSDOHW-UHFFFAOYSA-N","C10 H26 N4",202.21575,1.84,"[M+H]+1",11040.8510420604,11005.7050428498,9871.93824302558,2948175.549119,2956694.25876501,2572617.43174537,3425161.6606906,3442213.7944407,3105565.65869989,3958001.41589742
"rppos_Tetradecanoylcarnitine","Tetradecanoylcarnitine",1,1,"A",372.31065,9.746,"Confirmed ID (HIgh Confidence)","CAR 14:0","Fatty Acyls","Fatty esters","Acyl carnitines","C21 H41 N O4",371.30356,-0.49,"[M+H]+1",19752.4946032503,18961.2218368133,18725.1487804565,19810.8063424264,19497.3821011095,18920.6986617866,19126.30719973,NA,"Tetradecanoylcarnitine",1,1,"A",372.31186,8.894,"Confirmed ID (HIgh Confidence)","CAR 14:0","Fatty Acyls","Fatty esters","Acyl carnitines","53477791","84634",NA,"PSHXNVGSVNEJBD-LJQANCHMSA-N","C21 H41 N O4",371.30356,2.75,"[M+H]+1",32159.6530087583,42550.083113252,9772.098555806,3543889.93812252,2975442.74057871,4039086.94600772,3966167,3866764.26272141,3988570.72337934,4086281.30987045
"rppos_1.Palmitoyl.sn.glycero.3.phosphocholine","1-Palmitoyl-sn-glycero-3-phosphocholine",1,1,"A",496.33973,11.604,"Not in Internal DB. MS/MS match only","LPA 16:0/0:0","Glycerophospholipids","Glycerophosphates","LPA","C24 H50 N O7 P",495.33249,-0.07,"[M+H]+1",40654.1649952341,39687.6750982337,39121.41663029,39422.7473301716,39248.4682666723,40056.7990203417,39798.3382045535,NA,"1-Palmitoyl-sn-glycero-3-phosphocholine",1,1,"A",496.34103,10.603,"Not in Internal DB. MS/MS match only","LPA 16:0/0:0","Glycerophospholipids","Glycerophosphates","LPA",NA,NA,NA,NA,"C24 H50 N O7 P",495.33249,2.6,"[M+H]+1",7032.48013751936,7789.31707345121,8471.3053277421,62229118.4925464,56624002.8268904,76150224.6503462,80136144.0662167,72572584.0536959,72400050.7554648,80941980.4366533
"rppos_Azithromycin","Azithromycin",1,1,"A",749.51478,6.321,"Not in Internal DB. MS/MS match only","Azithromycin","Organic oxygen compounds","Organooxygen compounds","Organooxygen compounds","C38 H72 N2 O12",748.50853,-1.37,"[M+H]+1",23686.7903293278,23263.5579807902,22454.6247254184,22238.8311061198,22426.9060912723,22537.8453367657,22317.5391362326,NA,"Azithromycin",1,1,"A",749.5158,5.501,"Not in Internal DB. MS/MS match only","Azithromycin","Organic oxygen compounds","Organooxygen compounds","Organooxygen compounds","447043","2955","C06838","MQTOSJVFKKJCRP-BICOPXKESA-N","C38 H72 N2 O12",748.50853,0,"[M+H]+1",2455.25955421673,2819.51535571709,2455.28168032411,4462478.02435853,3255484.96279472,3372634.68341278,4778898.04716286,3159707.70244285,3973937.0408552,3511973.72668467
"rppos_Caprolactam","Caprolactam",1,1,"A",114.09124,2.288,"Not in Internal DB. MS/MS match only","Epsilon-caprolactam","Organoheterocyclic compounds","Caprolactams","Caprolactams","C6 H11 N O",113.08406,-0.91,"[M+H]+1",8497400.72799959,5168789.51234191,15125688.1490589,9073177.11270016,8731219.09743324,10488276.8201838,12672010.5230715,NA,"Caprolactam",1,1,"A",114.09136,2.452,"Not in Internal DB. MS/MS match only","Epsilon-caprolactam","Organoheterocyclic compounds","Caprolactams","Caprolactams","7768","28579","C06593","JBKVHLHDHHXQEQ-UHFFFAOYSA-N","C6 H11 N O",113.08406,0.16,"[M+H]+1",14748729.8082358,19047304.8287453,19400583.6758148,92753335.6371237,88755362.9349905,92643590.1882806,104681044.254945,94521469.5344575,103023285.547796,105009584.124789
"rppos_Choline","Choline",1,1,"A",104.10683,0.969,"Not in Internal DB. MS/MS match only","Choline","Organic nitrogen compounds","Cholines","Cholines","C5 H13 N O",103.09971,-1.58,"[M+H]+1",4401800.6626622,1090373.91315675,3932158.3292886,58123505.1513937,17795411.9589734,7405906.35372222,6306427.4316317,NA,"Choline",1,1,"A",104.10704,0.975,"Not in Internal DB. MS/MS match only","Choline","Organic nitrogen compounds","Cholines","Cholines","305","15354","C00114","OEYIOHPDSNJKLS-UHFFFAOYSA-N","C5 H13 N O",103.09971,0.51,"[M+H]+1",991636.128712333,1260310.19178653,749476.697126661,162461922.869908,128765490.458582,139802066.726966,161617754.537097,132605486.5737,152009336.697514,142477505.515726
"rppos_Diatrizoic.acid","Diatrizoic acid",1,1,"A",614.77666,1.389,"Not in Internal DB. MS/MS match only","-",NA,NA,NA,"C11 H9 I3 N2 O4",613.76964,-0.45,"[M+H]+1",28200.5741488066,26548.045775294,26243.9301693583,25164.2193525885,24714.0322581311,24743.2856298244,25006.2229484758,NA,"Diatrizoic acid",1,1,"A",614.7787,1.516,"Not in Internal DB. MS/MS match only","-",NA,NA,NA,"-","-","-","-","C11 H9 I3 N2 O4",613.76964,3.34,"[M+H]+1",12253.2521125633,14681.7576854315,14904.5639082347,659321.192074438,573492.200266441,668209.532722714,730608.090280938,609957.904919303,706288.761715258,779665.597190845
"rppos_Methyl.palmitate","Methyl palmitate",1,1,"A",288.28925,8.863,"Not in Internal DB. MS/MS match only","-","Fatty Acyls","Fatty esters","Fatty acid ester","C17 H34 O2",270.25588,2,"[M+NH4]+1",21523.7007386182,20517.1431249278,20009.1316329798,20310.1634561364,39979.2272235769,36514.5357648079,84809.8922175467,NA,"Methyl palmitate",1,1,"A",288.29032,8.03,"Not in Internal DB. MS/MS match only","-",NA,NA,NA,"-","-","-","-","C17 H34 O2",270.25588,2.14,"[M+NH4]+1",53303.1139037368,17955.8223459148,132446.655334676,26649190.2233052,21745035.8439391,25724111.6373201,28044201.0876532,24807484.6957362,26576961.7531988,27372241.2447569
"rppos_N.Methyldodecylamine","N-Methyldodecylamine",1,1,"A",200.23715,8.774,"Not in Internal DB. MS/MS match only","-",NA,NA,NA,"C13 H29 N",199.23,-0.64,"[M+H]+1",117427.758876782,26800.6195796907,18351.1293957606,65305.9611154156,59453.5387001967,18189.1057124916,63692.4819417185,NA,"N-Methyldodecylamine",1,1,"A",200.23754,7.845,"Not in Internal DB. MS/MS match only","-",NA,NA,NA,"-","-","-","-","C13 H29 N",199.23,1.34,"[M+H]+1",197917.067235246,183742.294484236,218146.83905981,1285284.15231197,1045430.11946492,1257358.82378413,1471458.11997425,1370166.84198212,1315057.83104874,1498432.98494466
"rppos_Penicillin.G","Penicillin G",1,1,"A",335.1057,7.547,"Not in Internal DB. MS/MS match only","Penicillin G","Organoheterocyclic compounds","Beta lactams","Penicillins","C16 H18 N2 O4 S",334.09873,-0.93,"[M+H]+1",21303.0626995967,20493.5935147272,19640.7937266048,19386.13402158,20564.7888847233,19556.2408366475,19816.5339756653,NA,"Penicillin G",1,1,"A",335.107,6.787,"Not in Internal DB. MS/MS match only","Penicillin G","Organoheterocyclic compounds","Beta lactams","Penicillins","5904","18208","C05551","JGSARLDLIJGVTE-MBNYWOFBSA-N","C16 H18 N2 O4 S",334.09873,3.05,"[M+H]+1",4055.23502240406,4169.58618268042,4032.07737642365,481001.188564113,307642,549296.323379722,585690.654758674,527195.772442364,637581.286156167,552381.142982585
"rppos_Tetradecenoyl.L.carnitine","Tetradecenoyl-L-carnitine",1,1,"A",370.29501,9.269,"Not in Internal DB. MS/MS match only","CAR 14:1","Fatty Acyls","Fatty esters","Acyl carnitines","C21 H39 N O4",369.28791,-0.48,"[M+H]+1",19684.3913280915,18874.5556825787,18790.7839683593,18902.588672925,18383.9899753806,18724.0828288628,18289.3181641829,NA,"Tetradecenoyl-L-carnitine",1,1,"A",370.29627,8.434,"Confirmed ID (HIgh Confidence)","CAR 14:1","Fatty Acyls","Fatty esters","Acyl carnitines",NA,NA,NA,NA,"C21 H39 N O4",369.28791,2.94,"[M+H]+1",17101.4878469463,38810.0888799822,14928.4646915215,1182628,650852.277924275,944022.159362044,937249.492576077,877879.709048828,816509.620097937,1002133.86011168
"rppos_Asymmetric.dimethylarginine","Asymmetric dimethylarginine",1,1,"A",203.14997,0.975,"Match with Mass and RT only","Dimethylarginine","Organic acids","Amino acids and peptides","Amino acids","C8 H18 N4 O2",202.14298,-1.44,"[M+H]+1",29069.0692719897,26158.2870653989,27844.0977971427,27612.0875585754,26202.1274424618,27423.9461454095,26543.5818632902,NA,"Asymmetric dimethylarginine",1,1,"A",203.15058,0.912,"Match with Mass and RT only","Dimethylarginine","Organic acids","Amino acids and peptides","Amino acids","123831","17929","C03626","YDGMGEXADBMOMJ-LURJTMIESA-N","C8 H18 N4 O2",202.14298,1.76,"[M+H]+1",47974.8152130095,48536.2361361916,17107.2451162013,1113273.14337002,720855.257922718,703588.868203967,705089.344300827,750890.455979551,806965.014310641,676093.449159177
"rppos_Pyridoxine","Pyridoxine",1,1,"A",170.08084,1.006,"Match with Mass and RT only; No MS2","Pyridoxine","Alkaloids","Nicotinic acid alkaloids","Pyridine alkaloids","C8 H11 N O3",169.07389,-2.09,"[M+H]+1",452259.3996206,39661.8749119175,28946.6595589922,26900.8420967959,26546.0034457856,26330.2300622009,48821.3531165592,NA,"Pyridoxine",1,1,"A",170.08136,1.014,"Match with Mass and RT only","Pyridoxine","Alkaloids","Pyridine alkaloids","Nicotinic acid alkaloids","1054","16709","C00314","LXNHXLLTXMVWPM-UHFFFAOYSA-N","C8 H11 N O3",169.07389,0.93,"[M+H]+1",46089.4462053802,40853.5091053647,32262.7453430945,133640.343191755,85256.2149511038,357117.194846863,206097.207319913,162621.31268163,123832.477669767,129133.448703236
"rppos_Solanidine","Solanidine",1,1,"A",398.34153,7.607,"Not in Internal DB. MS/MS match only;Potential ID (Low Confidence)","Solanidine","Sterol Lipids","Sterols","Solanidines","C27 H43 N O",397.33446,-0.53,"[M+H]+1",18201.3249861332,17300.9715797152,16961.7022859846,17366.0082733657,17181.7097912359,17155.7342890385,16852.3756098494,NA,"Solanidine",1,1,"A",398.34282,6.777,"Not in Internal DB. MS/MS match only","Solanidine","Sterol Lipids","Sterols","Solanidines and alkaloid derivatives","65727","28374","C06543","JVKYZPBMZPJNAJ-OQFNDJACSA-N","C27 H43 N O",397.33446,2.72,"[M+H]+1",3270.46953413909,3293.88197850766,3159.80318805879,501300.656545944,260187.535373688,385956.674061658,429552.636724041,365818.296431844,413206.655976761,411803.895408417
"rpneg_2.Hydroxyglutaric.acid","2-Hydroxyglutaric acid",1,1,"A",147.02931,1.049,"Confirmed ID (HIgh Confidence)","2-Hydroxyglutaric acid","Fatty Acyls","Fatty acids","Dicarboxylic acids","C5 H8 O5",148.03717,-3.95,"[M-H]-1",68587.6871971524,NA,NA,117834.28025636,117046.410982448,335875.359726778,417689.330334123,30661.0517556988,"2-Hydroxyglutaric acid",1,1,"A",147.03104,1.023,"Confirmed ID (HIgh Confidence)","2-Hydroxyglutaric acid","Fatty Acyls","Fatty acids","Dicarboxylic acids","43","17084","C02630","HWXBTNAVRSUOJR-UHFFFAOYSA-N","C5 H8 O5",148.03717,7.71,"[M-H]-1",2666.35099794764,2687.65385079517,2704.28886104545,1873721.35452884,2180592.09295605,2253482.58851775,2172484.61140311,1878137.28574862,1767230.99238466,1913780.46466704
"rpneg_Arachidonic.acid","Arachidonic acid",1,1,"A",303.23257,13.163,"Confirmed ID (HIgh Confidence)","Arachidonic acid","Fatty Acyls","Fatty acids","Unsaturated FA","C20 H32 O2",304.24023,-1.27,"[M-H]-1",12027.2469500275,NA,NA,12371.9000106258,12733.6438260014,13031.4406273625,12744.6829747041,11819.0220929636,"Arachidonic acid",1,1,"A",303.23357,9.937,"Not in Internal DB. MS/MS match only","Arachidonic acid","Fatty Acyls","Fatty acids","Unsaturated FA","444899","15843","C00219","YZXBAPSDXZZRGB-DOFZRALJSA-N","C20 H32 O2",304.24023,2.01,"[M-H]-1",3591.43976149986,3568.69119585569,3486.97008536564,93214.5494262517,70374.4629735217,63616.3798363202,76115.3468132429,78089.298361716,73568.465034387,88891.0696741591
"rpneg_Arginine","Arginine",1,1,"A",173.10389,0.881,"Confirmed ID (HIgh Confidence)","Arginine","Organic acids","Amino acids and peptides","Amino acids","C6 H14 N4 O2",174.11168,-2.94,"[M-H]-1",16132.7188889153,NA,NA,15183.0158643491,15770.5604453099,15028.7724844222,15255.2236354984,15114.3501961725,"Arginine",1,1,"A",173.10478,0.919,"Confirmed ID (HIgh Confidence)","Arginine","Organic acids","Amino acids and peptides","Amino acids","6322","16467","C00062","ODKSFYDXXFIFQN-BYPYZUCNSA-N","C6 H14 N4 O2",174.11168,2.17,"[M-H]-1",6354.7287943724,6696.2196091969,6202.44962695216,885677.131638581,959486.328461434,1018013.52731851,962058.054403597,950638.739625788,866782.780210026,1025855.22188551
"rpneg_Citraconic.acid","Citraconic acid",1,1,"A",129.01883,1.039,"Confirmed ID (HIgh Confidence)","Citraconic acid","Fatty Acyls","Fatty acids","Dicarboxylic acids","C5 H6 O4",130.02661,-4.12,"[M-H]-1",337799.379692543,NA,NA,337961.852532594,326674.166837123,313452.681632914,349865.747108104,791811.893929776,"Citraconic acid",1,1,"A",129.01964,1.262,"Confirmed ID (HIgh Confidence)","Citraconic acid","Fatty Acyls","Fatty acids","Dicarboxylic acids","643798","17626","C02226","HNEGQIOMVPPMNR-IHWYPQMZSA-N","C5 H6 O4",130.02661,2.63,"[M-H]-1",1179031.9664222,430666.380289876,1106969.38488305,1001770.13416629,993147.217896165,997534.375234309,1110301.3948959,1086852.36120734,1069457.52883552,1094275.27993715
"rpneg_Citric.acid","Citric acid",1,1,"A",191.01935,1.045,"Confirmed ID (HIgh Confidence)","Citric acid","Organic acids","TCA acids","TCA acids","C6 H8 O7",192.027,-1.98,"[M-H]-1",21366.2113718112,NA,NA,1251202.75995511,442066.915613946,258600.522412313,376948.701342012,25097.157749497,"Citric acid",1,1,"A",191.02025,1.252,"Confirmed ID (HIgh Confidence)","Citric acid","Organic acids","TCA acids","TCA acids","311","30769","C00158","KRKNYBCHXYNGOX-UHFFFAOYSA-N","C6 H8 O7",192.027,2.76,"[M-H]-1",90091.7898761104,3856609.75807504,304442.269812989,2789110.36604659,3471189.97240732,4131776.9210456,4035682.2748274,4220395.27226631,4303350.36506915,4633693.21969734
"rpneg_Glutamine","Glutamine",1,1,"A",145.06125,0.983,"Confirmed ID (HIgh Confidence)","Glutamine","Organic acids","Amino acids and peptides","Amino acids","C5 H10 N2 O3",146.06914,-4.23,"[M-H]-1",32014.2410063988,NA,NA,69654.7901460904,35530.0068209032,43513.9662838875,118843.769431592,28062.215055321,"Glutamine",1,1,"A",145.06226,0.962,"Confirmed ID (HIgh Confidence)","Glutamine","Organic acids","Amino acids and peptides","Amino acids","5961","18050","C00064","ZDXPYRJPNDTMRX-VKHMYHEASA-N","C5 H10 N2 O3",146.06914,2.74,"[M-H]-1",4358.30911876156,9700.21537082437,4303.28611439678,412476.239775459,440555.433329399,399707.887362624,427019.512143464,435001.96087679,628700.119684234,615440.315047311
"rpneg_Hypoxanthine","Hypoxanthine",1,1,"A",135.0306,1.048,"Confirmed ID (HIgh Confidence)","Hypoxanthine","Nucleic acids","Purines","Hypoxanthines","C5 H4 N4 O",136.03851,-4.62,"[M-H]-1",85237.0583943633,NA,NA,303669.145396289,61293.9342138697,67725.4478978526,72298.6753684364,345185.003814678,"Hypoxanthine",1,1,"A",135.03046,0.989,"Match with Mass and RT only","Hypoxanthine","Nucleic acids","Purines","Hypoxanthines","135398638","17368","C00262","FDGQSTZJBFJUBT-UHFFFAOYSA-N","C5 H4 N4 O",136.03851,-5.66,"[M-H]-1",13601.5181382427,23487.1829516101,7272.48521376567,1722852.65113732,2009455.55294521,1634470.12494688,1744226.25673295,1903221.02567487,2022647.64101557,1929967.99782629
"rpneg_Inosine","Inosine",1,1,"A",267.07365,1.044,"Confirmed ID (HIgh Confidence)","Inosine","Nucleic acids","Purines","Purine ribonucleosides","C10 H12 N4 O5",268.08077,0.6,"[M-H]-1",523049.70750575,NA,NA,731718.741050319,431703.917666019,97001.1905050693,125464.904355132,244180.601210359,"Inosine",1,1,"A",267.07424,1.254,"Match with Mass and RT only","Inosine","Nucleic acids","Purines","Purine ribonucleosides","135398641","17596","C00294","UGQMRVRMYYASKQ-KQYNXXCUSA-N","C10 H12 N4 O5",268.08077,2.78,"[M-H]-1",1316.30829683626,1382.30529832286,1325.99426647066,126118.570855031,121025.533628583,174608.728221785,83668.6931171495,148149.806504753,161119.723856503,169992.165986241
"rpneg_Malic.acid","Malic acid",1,1,"A",133.01367,1.047,"Confirmed ID (HIgh Confidence)","Malic acid","Organic acids","TCA acids","TCA acids","C4 H6 O5",134.02152,-4.27,"[M-H]-1",123005.684837417,NA,NA,107268.084558056,51464.4605715143,469305.387732529,142743.219482092,40899.185224286,"Malic acid",1,1,"A",133.01471,1.022,"Match with Mass and RT only","Malic acid","Organic acids","TCA acids","TCA acids","222656","30797","C00149","BJEPYKJPYRNKOW-REOHCLBHSA-N","C4 H6 O5",134.02152,3.37,"[M-H]-1",23490.9306047417,41162.1240704676,32296.5211982632,7784240.34865547,7321794.4979444,7621138.75977316,7360285.01768713,5124549.94854299,4958595.30502173,7377056.24116816
"rpneg_Taurine","Taurine",1,1,"A",124.00682,1.003,"Confirmed ID (HIgh Confidence)","Taurine","Organic acids","Sulfonic acids","Sulfonic acids","C2 H7 N O3 S",125.01466,-4.28,"[M-H]-1",20391.0959687629,NA,NA,22713.9885095652,19118.1432623999,79463.9776850105,19262.1335583815,22303.8007191767,"Taurine",1,1,"A",124.00778,0.982,"Confirmed ID (HIgh Confidence)","Taurine","Organic acids","Sulfonic acids","Sulfonic acids","1123","15891","C00245","XOAAWQZATWQOTB-UHFFFAOYSA-N","C2 H7 N O3 S",125.01466,3.12,"[M-H]-1",2859.86901195993,3491.38933469589,2813.36546109071,2024206.17347681,2163976.14007171,1878798.01724113,1992691.10363575,2090354.71306435,1986588.68880581,2158003.25876758
"rpneg_Chloric.acid","Chloric acid",1,1,"A",82.95386,1.154,"Not in Internal DB. MS/MS match only","-",NA,NA,NA,"H Cl O3",83.96142,-3.35,"[M-H]-1",35127.6221064475,NA,NA,33322.3896076497,33083.5197053404,33069.3910129869,32824.9819519555,34962.2061981204,"Chloric acid",1,1,"A",82.95426,1.058,"Not in Internal DB. MS/MS match only","-",NA,NA,NA,"-","-","-","-","H Cl O3",83.96142,1.41,"[M-H]-1",471234.555260482,3254039.20530497,712987.114104139,3491806.36969434,2985046.83076817,3211888.29307659,3368331,2710519.94341648,2333592.96370219,2196450.49621361
"rpneg_Dodecyl.sulfate","Dodecyl sulfate",1,1,"A",265.14821,12.54,"Not in Internal DB. MS/MS match only","Blasticidin S","Carbohydrates","Monosaccharides","Sugar acids","C12 H26 O4 S",266.15518,1.17,"[M-H]-1",290567.190995483,NA,NA,4658814.46901686,4240847.94564147,4863068.19789407,4772801.08321764,33347.6153746496,"Dodecyl sulfate",2,1,"A",265.14822,12.474,"Not in Internal DB. MS/MS match only","Blasticidin S","Carbohydrates","Monosaccharides","Sugar acids","439625","182497","C02010","CXNPLSGKWMLZPZ-LBLJTAPMSA-N","C12 H26 O4 S",266.15518,1.2,"[M-H]-1",3513342.33441013,4911775.17686335,4586342.03033307,9453148.84178668,8467212.0558484,8536688.99387816,9092999.04182839,8522469.63047273,8903657.00343671,9007929.99604511
"rpneg_Trifluoroacetic.acid","Trifluoroacetic acid",1,1,"A",112.9851,0.941,"Not in Internal DB. MS/MS match only","-","Organic acids","Carboxylic acids","Monocarboxylic acids","C2 H F3 O2",113.99286,4,"[M-H]-1",20375.6878104252,NA,NA,19256.0700248621,18753.3048928688,19163.7246083951,19468.5266959555,19851.8464385501,"Trifluoroacetic acid",1,1,"A",112.98549,1.381,"Not in Internal DB. MS/MS match only","Trifluoroacetic acid","Organic acids","Carboxylic acids","Carboxylic acids","6422","45892",NA,"DTQVDTLACAAQTR-UHFFFAOYSA-N","C2 H F3 O2",113.99286,-0.87,"[M-H]-1",116344351.180728,112398406.671697,110518883.17862,600692892.331019,563721501.411074,598495567.149251,574302602.806351,626930136.130613,631657350.703415,601790988.22844
"rpneg_Uric.acid","Uric acid",1,1,"A",167.02047,1.032,"Match with Mass and RT only; No MS2","Uric acid","Nucleic acids","Purines","Xanthines","C5 H4 N4 O3",168.02834,-3.55,"[M-H]-1",21227.7535680307,NA,NA,20760.1374555024,20192.3053986551,20777.3622335922,20180.4429183735,21301.8841507269,"Uric acid",1,1,"A",167.02158,1.007,"Confirmed ID (HIgh Confidence)","Uric acid","Nucleic acids","Purines","Xanthines","1175","17775","C00366","LEHOTFFKMJEONL-UHFFFAOYSA-N","C5 H4 N4 O3",168.02834,3.07,"[M-H]-1",2489.28968455207,3104.55667232048,2524.70825147594,343574.357407807,361542.758949079,421671.53562749,389613.450196644,314994.338524405,322559.54534343,331814.422029899
