From	To
A0A096LP01	SMIM26
A0A0U1RRL7	MMP24OS
A0A6I8PU40	TUG1
A0AV96	RBM47
A0AVF1	IFT56
A0AVI4	TMEM129
A0AVT1	UBA6
A0FGR8	ESYT2
A0JNW5	BLTP3B
A0MZ66	SHTN1
A0PJW6	TMEM223
A0PK00	TMEM120B
A1A4S6	ARHGAP10
A1L0T0	ILVBL
A1L390	PLEKHG3
A1X283	SH3PXD2B
A2A288	ZC3H12D
A2A3N6	PIPSL
A2RRP1	NBAS
A2RTX5	TARS3
A2RUB6	CCDC66
A2RUC4	TYW5
A2RUS2	DENND3
A3KMH1	VWA8
A3KN83	SBNO1
A4D126	CRPPA
A4D1B5	GSAP
A4D1E9	GTPBP10
A4D1P6	WDR91
A4D1U4	DENND11
A4FU49	SH3D21
A5D8V6	VPS37C
A5PLL7	PEDS1
A5PLN9	TRAPPC13
A5YKK6	CNOT1
A5YM69	ARHGEF35
A6NC98	CCDC88B
A6NCN2	KRT87P
A6NDG6	PGP
A6NDU8	RIMOC1
A6NED2	RCCD1
A6NFI3	ZNF316
A6NFX1	MFSD2B
A6NFY7	SDHAF1
A6NGG8	PCARE
A6NHL2	TUBAL3
A6NHR9	SMCHD1
A6NHX0	CASTOR2
A6NI79	CCDC69
A6NIH7	UNC119B
A6NJ78	METTL15
A6NJG2	SOWAHD
A6NKF1	SAC3D1
A7E2V4	ZSWIM8
A8CG34	POM121C
A8MVS5	HIDE1
A8MVU1	NCF1C
A8MW92	PHF20L1
A8MXV4	NUDT19
A8MYB1	TMCO5B
A9UHW6	MIF4GD
B0I1T2	MYO1G
B1AJZ9	FHAD1
B2RPK0	HMGB1P1
B2RTY4	MYO9A
B2RUZ4	SMIM1
B4DJY2	TMEM233
B7ZAP0	RABGAP1L
C9J202	ALG1L2
C9J7I0	UMAD1
C9JLW8	MCRIP1
C9JRZ8	AKR1B15
E9PAV3	NACA
F5H4A9	C3orf80
G9CGD6	CNK3/IPCEF1
L0R6Q1	SLC35A4
L0R819	ASDURF
O00115	DNASE2
O00116	AGPS
O00124	UBXN8
O00139	KIF2A
O00141	SGK1
O00142	TK2
O00148	DDX39A
O00151	PDLIM1
O00154	ACOT7
O00159	MYO1C
O00160	MYO1F
O00161	SNAP23
O00165	HAX1
O00170	AIP
O00178	GTPBP1
O00182	LGALS9
O00186	STXBP3
O00189	AP4M1
O00193	SMAP
O00194	RAB27B
O00203	AP3B1
O00214	LGALS8
O00217	NDUFS8
O00221	NFKBIE
O00231	PSMD11
O00232	PSMD12
O00233	PSMD9
O00238	BMPR1B
O00241	SIRPB1
O00244	ATOX1
O00255	MEN1
O00257	CBX4
O00258	GET1
O00264	PGRMC1
O00267	SUPT5H
O00268	TAF4
O00273	DFFA
O00287	RFXAP
O00291	HIP1
O00299	CLIC1
O00303	EIF3F
O00308	WWP2
O00329	PIK3CD
O00330	PDHX
O00338	SULT1C2
O00391	QSOX1
O00398	P2RY10
O00399	DCTN6
O00400	SLC33A1
O00410	IPO5
O00411	POLRMT
O00418	EEF2K
O00421	CCRL2
O00422	SAP18
O00429	DNM1L
O00442	RTCA
O00443	PIK3C2A
O00459	PIK3R2
O00461	GOLIM4
O00462	MANBA
O00468	AGRN
O00469	PLOD2
O00471	EXOC5
O00478	BTN3A3
O00479	HMGN4
O00483	NDUFA4
O00487	PSMD14
O00488	ZNF593
O00499	BIN1
O00505	KPNA3
O00506	STK25
O00512	BCL9
O00519	FAAH
O00522	KRIT1
O00534	VWA5A
O00541	PES1
O00560	SDCBP
O00562	PITPNM1
O00566	MPHOSPH10
O00567	NOP56
O00571	DDX3X
O00584	RNASET2
O00592	PODXL
O00602	FCN1
O00625	PIR
O00629	KPNA4
O00635	TRIM38
O00716	E2F3
O00743	PPP6C
O00746	NME4
O00748	CES2
O00750	PIK3C2B
O00754	MAN2B1
O00757	FBP2
O00762	UBE2C
O00763	ACACB
O00764	PDXK
O00767	SCD
O14492	SH2B2
O14494	PLPP1
O14495	PLPP3
O14497	ARID1A
O14508	SOCS2
O14523	C2CD2L
O14526	FCHO1
O14545	TRAFD1
O14548	COX7A2L
O14578	CIT
O14579	COPE
O14593	RFXANK
O14617	AP3D1
O14618	CCS
O14626	GPR171
O14638	ENPP3
O14639	ABLIM1
O14641	DVL2
O14646	CHD1
O14647	CHD2
O14653	GOSR2
O14656	TOR1A
O14657	TOR1B
O14662	STX16
O14672	ADAM10
O14678	ABCD4
O14683	TP53I11
O14686	KMT2D
O14727	APAF1
O14730	RIOK3
O14732	IMPA2
O14734	ACOT8
O14735	CDIPT
O14737	PDCD5
O14744	PRMT5
O14745	NHERF1
O14763	TNFRSF10B
O14772	FPGT
O14773	TPP1
O14775	GNB5
O14776	TCERG1
O14777	NDC80
O14786	NRP1
O14787	TNPO2
O14795	UNC13B
O14802	POLR3A
O14815	CAPN9
O14818	PSMA7
O14828	SCAMP3
O14832	PHYH
O14841	OPLAH
O14867	BACH1
O14874	BCKDK
O14879	IFIT3
O14880	MGST3
O14893	GEMIN2
O14907	TAX1BP3
O14908	GIPC1
O14920	IKBKB
O14924	RGS12
O14925	TIMM23
O14929	HAT1
O14933	UBE2L6
O14936	CASK
O14939	PLD2
O14949	UQCRQ
O14950	MYL12B
O14964	HGS
O14966	RAB29
O14967	CLGN
O14972	VPS26C
O14974	PPP1R12A
O14975	SLC27A2
O14976	GAK
O14979	HNRNPDL
O14980	XPO1
O14981	BTAF1
O15014	ZNF609
O15020	SPTBN2
O15021	MAST4
O15027	SEC16A
O15031	PLXNB2
O15037	KHNYN
O15040	TECPR2
O15042	U2SURP
O15047	SETD1A
O15061	SYNM
O15067	PFAS
O15083	ERC2
O15084	ANKRD28
O15085	ARHGEF11
O15111	CHUK
O15116	LSM1
O15117	FYB1
O15118	NPC1
O15120	AGPAT2
O15121	DEGS1
O15126	SCAMP1
O15127	SCAMP2
O15143	ARPC1B
O15144	ARPC2
O15145	ARPC3
O15160	POLR1C
O15162	PLSCR1
O15164	TRIM24
O15169	AXIN1
O15173	PGRMC2
O15204	ADAMDEC1
O15211	RGL2
O15212	PFDN6
O15213	WDR46
O15226	NKRF
O15228	GNPAT
O15229	KMO
O15231	ZNF185
O15234	CASC3
O15235	MRPS12
O15243	LEPROT
O15247	CLIC2
O15254	ACOX3
O15258	RER1
O15260	SURF4
O15264	MAPK13
O15265	ATXN7
O15269	SPTLC1
O15270	SPTLC2
O15294	OGT
O15296	ALOX15B
O15305	PMM2
O15321	TM9SF1
O15327	INPP4B
O15347	HMGB3
O15355	PPM1G
O15357	INPPL1
O15371	EIF3D
O15372	EIF3H
O15379	HDAC3
O15381	NVL
O15382	BCAT2
O15389	SIGLEC5
O15397	IPO8
O15400	STX7
O15427	SLC16A3
O15431	SLC31A1
O15438	ABCC3
O15439	ABCC4
O15440	ABCC5
O15446	POLR1G
O15460	P4HA2
O15484	CAPN5
O15498	YKT6
O15504	NUP42
O15511	ARPC5
O15514	POLR2D
O15519	CFLAR
O15523	DDX3Y
O15525	MAFG
O15530	PDPK1
O15533	TAPBP
O15541	RNF113A
O15550	KDM6A
O15553	MEFV
O43143	DHX15
O43148	RNMT
O43149	ZZEF1
O43150	ASAP2
O43156	TTI1
O43159	RRP8
O43164	PJA2
O43166	SIPA1L1
O43169	CYB5B
O43172	PRPF4
O43175	PHGDH
O43181	NDUFS4
O43182	ARHGAP6
O43189	PHF1
O43237	DYNC1LI2
O43242	PSMD3
O43252	PAPSS1
O43257	ZNHIT1
O43264	ZW10
O43272	PRODH
O43278	SPINT1
O43290	SART1
O43291	SPINT2
O43292	GPAA1
O43293	DAPK3
O43294	TGFB1I1
O43295	SRGAP3
O43299	AP5Z1
O43301	HSPA12A
O43304	SEC14L5
O43306	ADCY6
O43310	CTIF
O43312	MTSS1
O43313	ATMIN
O43314	PPIP5K2
O43318	MAP3K7
O43324	EEF1E1
O43325	LYRM1
O43353	RIPK2
O43390	HNRNPR
O43395	PRPF3
O43396	TXNL1
O43399	TPD52L2
O43402	EMC8
O43405	COCH
O43414	ERI3
O43422	THAP12
O43426	SYNJ1
O43427	FIBP
O43432	EIF4G3
O43447	PPIH
O43464	HTRA2
O43488	AKR7A2
O43491	EPB41L2
O43493	TGOLN2
O43504	LAMTOR5
O43516	WIPF1
O43561	LAT
O43566	RGS14
O43567	RNF13
O43570	CA12
O43572	AKAP10
O43583	DENR
O43586	PSTPIP1
O43592	XPOT
O43598	DNPH1
O43615	TIMM44
O43617	TRAPPC3
O43633	CHMP2A
O43639	NCK2
O43660	PLRG1
O43663	PRC1
O43665	RGS10
O43670	ZNF207
O43674	NDUFB5
O43676	NDUFB3
O43678	NDUFA2
O43681	GET3
O43684	BUB3
O43699	SIGLEC6
O43704	SULT1B1
O43707	ACTN4
O43708	GSTZ1
O43709	BUD23
O43715	TRIAP1
O43716	GATC
O43719	HTATSF1
O43734	TRAF3IP2
O43736	ITM2A
O43741	PRKAB2
O43747	AP1G1
O43752	STX6
O43759	SYNGR1
O43760	SYNGR2
O43765	SGTA
O43766	LIAS
O43768	ENSA
O43772	SLC25A20
O43776	NARS1
O43805	SSNA1
O43808	SLC25A17
O43809	NUDT21
O43813	LANCL1
O43815	STRN
O43818	RRP9
O43819	SCO2
O43820	HYAL3
O43822	CFAP410
O43823	AKAP8
O43824	GTPBP6
O43826	SLC37A4
O43829	ZBTB14
O43837	IDH3B
O43847	NRDC
O43852	CALU
O43861	ATP9B
O43865	AHCYL1
O43896	KIF1C
O43913	ORC5
O43914	TYROBP
O43920	NDUFS5
O43924	PDE6D
O43929	ORC4
O43933	PEX1
O43934	MFSD11
O60216	RAD21
O60229	KALRN
O60231	DHX16
O60232	ZNRD2
O60234	GMFG
O60238	BNIP3L
O60239	SH3BP5
O60244	MED14
O60256	PRPSAP2
O60262	GNG7
O60264	SMARCA5
O60268	KIAA0513
O60271	SPAG9
O60281	ZNF292
O60287	URB1
O60291	MGRN1
O60292	SIPA1L3
O60293	ZFC3H1
O60296	TRAK2
O60303	KATNIP
O60306	AQR
O60307	MAST3
O60308	CEP104
O60313	OPA1
O60315	ZEB2
O60318	MCM3AP
O60331	PIP5K1C
O60333	KIF1B
O60341	KDM1A
O60343	TBC1D4
O60356	NUPR1
O60427	FADS1
O60443	GSDME
O60449	LY75
O60462	NRP2
O60476	MAN1A2
O60478	GPR137B
O60486	PLXNC1
O60487	MPZL2
O60488	ACSL4
O60493	SNX3
O60496	DOK2
O60499	STX10
O60502	OGA
O60504	SORBS3
O60506	SYNCRIP
O60507	TPST1
O60508	CDC40
O60512	B4GALT3
O60513	B4GALT4
O60518	RANBP6
O60524	NEMF
O60547	GMDS
O60551	NMT2
O60563	CCNT1
O60568	PLOD3
O60573	EIF4E2
O60603	TLR2
O60610	DIAPH1
O60613	SELENOF
O60636	TSPAN2
O60637	TSPAN3
O60645	EXOC3
O60658	PDE8A
O60664	PLIN3
O60669	SLC16A7
O60671	RAD1
O60674	JAK2
O60678	PRMT3
O60684	KPNA6
O60701	UGDH
O60704	TPST2
O60711	LPXN
O60716	CTNND1
O60725	ICMT
O60733	PLA2G6
O60739	EIF1B
O60749	SNX2
O60760	HPGDS
O60762	DPM1
O60763	USO1
O60784	TOM1
O60825	PFKFB2
O60826	CCDC22
O60828	PQBP1
O60830	TIMM17B
O60831	PRAF2
O60832	DKC1
O60841	EIF5B
O60861	GAS7
O60869	EDF1
O60870	KIN
O60879	DIAPH2
O60884	DNAJA2
O60885	BRD4
O60888	CUTA
O60906	SMPD2
O60907	TBL1X
O60921	HUS1
O60925	PFDN1
O60930	RNASEH1
O60934	NBN
O60936	NOL3
O60941	DTNB
O60942	RNGTT
O75022	LILRB3
O75023	LILRB5
O75027	ABCB7
O75030	MITF
O75037	KIF21B
O75044	SRGAP2
O75063	FAM20B
O75064	DENND4B
O75071	EFCAB14
O75083	WDR1
O75110	ATP9A
O75113	N4BP1
O75116	ROCK2
O75122	CLASP2
O75127	PTCD1
O75131	CPNE3
O75140	DEPDC5
O75143	ATG13
O75150	RNF40
O75151	PHF2
O75152	ZC3H11A
O75153	CLUH
O75157	TSC22D2
O75165	DNAJC13
O75167	PHACTR2
O75170	PPP6R2
O75175	CNOT3
O75179	ANKRD17
O75182	SIN3B
O75185	ATP2C2
O75190	DNAJB6
O75191	XYLB
O75197	LRP5
O75204	TMEM127
O75208	COQ9
O75223	GGCT
O75251	NDUFS7
O75264	SMIM24
O75298	RTN2
O75306	NDUFS2
O75312	ZPR1
O75317	USP12
O75323	NIPSNAP2
O75324	SNN
O75326	SEMA7A
O75340	PDCD6
O75347	TBCA
O75348	ATP6V1G1
O75351	VPS4B
O75352	MPDU1
O75356	ENTPD5
O75362	ZNF217
O75367	MACROH2A1
O75368	SH3BGRL
O75369	FLNB
O75376	NCOR1
O75379	VAMP4
O75380	NDUFS6
O75381	PEX14
O75382	TRIM3
O75390	CS
O75391	SPAG7
O75396	SEC22B
O75400	PRPF40A
O75410	TACC1
O75414	NME6
O75419	CDC45
O75420	GIGYF1
O75425	MOSPD3
O75427	LRCH4
O75431	MTX2
O75436	VPS26A
O75438	NDUFB1
O75439	PMPCB
O75444	MAF
O75448	MED24
O75449	KATNA1
O75460	ERN1
O75475	PSIP1
O75477	ERLIN1
O75487	GPC4
O75489	NDUFS3
O75494	SRSF10
O75496	GMNN
O75503	CLN5
O75506	HSBP1
O75521	ECI2
O75528	TADA3
O75529	TAF5L
O75530	EED
O75531	BANF1
O75533	SF3B1
O75534	CSDE1
O75554	WBP4
O75558	STX11
O75563	SKAP2
O75569	PRKRA
O75575	CRCP
O75582	RPS6KA5
O75586	MED6
O75592	MYCBP2
O75607	NPM3
O75608	LYPLA1
O75616	ERAL1
O75629	CREG1
O75643	SNRNP200
O75648	TRMU
O75663	TIPRL
O75665	OFD1
O75674	TOM1L1
O75676	RPS6KA4
O75683	SURF6
O75688	PPM1B
O75689	ADAP1
O75691	UTP20
O75694	NUP155
O75695	RP2
O75716	STK16
O75717	WDHD1
O75718	CRTAP
O75746	SLC25A12
O75781	PALM
O75787	ATP6AP2
O75791	GRAP2
O75792	RNASEH2A
O75794	CDC123
O75808	CAPN15
O75815	BCAR3
O75817	POP7
O75818	RPP40
O75821	EIF3G
O75822	EIF3J
O75828	CBR3
O75832	PSMD10
O75843	AP1G2
O75844	ZMPSTE24
O75864	PPP1R37
O75865	TRAPPC6A
O75874	IDH1
O75879	GATB
O75880	SCO1
O75882	ATRN
O75884	RBBP9
O75886	STAM2
O75888	TNFSF13
O75901	RASSF9
O75907	DGAT1
O75909	CCNK
O75911	DHRS3
O75915	ARL6IP5
O75923	DYSF
O75925	PIAS1
O75934	BCAS2
O75935	DCTN3
O75937	DNAJC8
O75940	SMNDC1
O75943	RAD17
O75947	ATP5PD
O75954	TSPAN9
O75955	FLOT1
O75962	TRIO
O75964	ATP5MG
O75976	CPD
O75995	SASH3
O76003	GLRX3
O76009	KRT33A
O76011	KRT34
O76013	KRT36
O76021	RSL1D1
O76024	WFS1
O76031	CLPX
O76038	SCGN
O76039	CDKL5
O76054	SEC14L2
O76070	SNCG
O76071	CIAO1
O76074	PDE5A
O76075	DFFB
O76080	ZFAND5
O76094	SRP72
O76096	CST7
O94759	TRPM2
O94760	DDAH1
O94762	RECQL5
O94763	URI1
O94766	B3GAT3
O94768	STK17B
O94776	MTA2
O94782	USP1
O94788	ALDH1A2
O94804	STK10
O94806	PRKD3
O94811	TPPP
O94817	ATG12
O94818	NOL4
O94819	KBTBD11
O94822	LTN1
O94826	TOMM70
O94829	IPO13
O94830	DDHD2
O94832	MYO1D
O94842	TOX4
O94855	SEC24D
O94864	SUPT7L
O94868	FCHSD2
O94874	UFL1
O94875	SORBS2
O94876	TMCC1
O94880	PHF14
O94886	TMEM63A
O94888	UBXN7
O94901	SUN1
O94903	PLPBP
O94905	ERLIN2
O94906	PRPF6
O94913	PCF11
O94915	FRYL
O94919	ENDOD1
O94923	GLCE
O94925	GLS
O94927	HAUS5
O94952	FBXO21
O94953	KDM4B
O94956	SLCO2B1
O94964	MTCL2
O94966	USP19
O94967	WDR47
O94972	TRIM37
O94973	AP2A2
O94979	SEC31A
O94986	CEP152
O94988	FAM13A
O94992	HEXIM1
O95045	UPP2
O95059	RPP14
O95067	CCNB2
O95071	UBR5
O95081	AGFG2
O95104	SCAF4
O95136	S1PR2
O95139	NDUFB6
O95140	MFN2
O95149	SNUPN
O95155	UBE4B
O95159	ZFPL1
O95163	ELP1
O95164	UBL3
O95167	NDUFA3
O95168	NDUFB4
O95182	NDUFA7
O95197	RTN3
O95198	KLHL2
O95199	RCBTB2
O95202	LETM1
O95208	EPN2
O95210	STBD1
O95214	LEPROTL1
O95218	ZRANB2
O95219	SNX4
O95232	LUC7L3
O95236	APOL3
O95239	KIF4A
O95243	MBD4
O95248	SBF1
O95249	GOSR1
O95251	KAT7
O95260	ATE1
O95273	CCNDBP1
O95278	EPM2A
O95279	KCNK5
O95292	VAPB
O95295	SNAPIN
O95297	MPZL1
O95299	NDUFA10
O95302	FKBP9
O95319	CELF2
O95336	PGLS
O95340	PAPSS2
O95347	SMC2
O95352	ATG7
O95359	TACC2
O95361	TRIM16
O95363	FARS2
O95365	ZBTB7A
O95372	LYPLA2
O95373	IPO7
O95376	ARIH2
O95379	TNFAIP8
O95382	MAP3K6
O95391	SLU7
O95394	PGM3
O95396	MOCS3
O95400	CD2BP2
O95402	MED26
O95406	CNIH1
O95415	BRI3
O95425	SVIL
O95427	PIGN
O95428	PAPLN
O95429	BAG4
O95433	AHSA1
O95453	PARN
O95456	PSMG1
O95466	FMNL1
O95470	SGPL1
O95476	CTDNEP1
O95477	ABCA1
O95479	H6PD
O95486	SEC24A
O95487	SEC24B
O95497	VNN1
O95498	VNN2
O95544	NADK
O95551	TDP2
O95562	SFT2D2
O95563	MPC2
O95571	ETHE1
O95573	ACSL3
O95602	POLR1A
O95613	PCNT
O95619	YEATS4
O95625	ZBTB11
O95630	STAMBP
O95639	CPSF4
O95644	NFATC1
O95671	ASMTL
O95674	CDS2
O95684	CEP43
O95685	PPP1R3D
O95707	POP4
O95714	HERC2
O95716	RAB3D
O95721	SNAP29
O95747	OXSR1
O95749	GGPS1
O95757	HSPA4L
O95758	PTBP3
O95759	TBC1D8
O95772	STARD3NL
O95777	LSM8
O95782	AP2A1
O95785	WIZ
O95786	RIGI
O95793	STAU1
O95801	TTC4
O95807	TMEM50A
O95810	CAVIN2
O95816	BAG2
O95817	BAG3
O95819	MAP4K4
O95822	MLYCD
O95825	CRYZL1
O95831	AIFM1
O95834	EML2
O95848	NUDT14
O95861	BPNT1
O95864	FADS2
O95865	DDAH2
O95868	LY6G6D
O95870	ABHD16A
O95873	C6orf47
O95881	TXNDC12
O95926	SYF2
O95976	IGSF6
O95983	MBD3
O95989	NUDT3
O95999	BCL10
O96000	NDUFB10
O96005	CLPTM1
O96006	ZBED1
O96008	TOMM40
O96011	PEX11B
O96013	PAK4
O96017	CHEK2
O96019	ACTL6A
O96033	MOCS2
P00156	MT-CYB
P00167	CYB5A
P00338	LDHA
P00352	ALDH1A1
P00367	GLUD1
P00374	DHFR
P00387	CYB5R3
P00390	GSR
P00403	MT-CO2
P00414	MT-CO3
P00441	SOD1
P00450	CP
P00451	F8
P00488	F13A1
P00491	PNP
P00492	HPRT1
P00505	GOT2
P00519	ABL1
P00558	PGK1
P00568	AK1
P00738	HP
P00746	CFD
P00747	PLG
P00749	PLAU
P00751	CFB
P00813	ADA
P00918	CA2
P00973	OAS1
P01008	SERPINC1
P01009	SERPINA1
P01023	A2M
P01024	C3
P01033	TIMP1
P01034	CST3
P01040	CSTA
P01112	HRAS
P01127	PDGFB
P01130	LDLR
P01137	TGFB1
P01308	INS
P01730	CD4
P01833	PIGR
P01871	IGHM
P01889	HLA-B
P01893	HLA-H
P01903	HLA-DRA
P01909	HLA-DQA1
P01911	HLA-DRB1
P01920	HLA-DQB1
P02008	HBZ
P02452	COL1A1
P02533	KRT14
P02545	LMNA
P02549	SPTA1
P02647	APOA1
P02649	APOE
P02654	APOC1
P02656	APOC3
P02686	MBP
P02745	C1QA
P02746	C1QB
P02747	C1QC
P02749	APOH
P02750	LRG1
P02751	FN1
P02763	ORM1
P02765	AHSG
P02771	AFP
P02774	GC
P02775	PPBP
P02786	TFRC
P02787	TF
P02788	LTF
P02790	HPX
P02792	FTL
P02794	FTH1
P02795	MT2A
P03891	MT-ND2
P03905	MT-ND4
P03915	MT-ND5
P03923	MT-ND6
P04035	HMGCR
P04040	CAT
P04049	RAF1
P04062	GBA1
P04066	FUCA1
P04075	ALDOA
P04080	CSTB
P04083	ANXA1
P04150	NR3C1
P04156	PRNP
P04179	SOD2
P04181	OAT
P04183	TK1
P04233	CD74
P04259	KRT6B
P04271	S100B
P04275	VWF
P04350	TUBB4A
P04406	GAPDH
P04424	ASL
P04439	HLA-A
P04440	HLA-DPB1
P04632	CAPNS1
P04792	HSPB1
P04818	TYMS
P04839	CYBB
P04843	RPN1
P04844	RPN2
P04899	GNAI2
P04920	SLC4A2
P04921	GYPC
P05023	ATP1A1
P05026	ATP1B1
P05062	ALDOB
P05067	APP
P05089	ARG1
P05091	ALDH2
P05106	ITGB3
P05107	ITGB2
P05108	CYP11A1
P05109	S100A8
P05114	HMGN1
P05120	SERPINB2
P05121	SERPINE1
P05141	SLC25A5
P05155	SERPING1
P05161	ISG15
P05164	MPO
P05165	PCCA
P05166	PCCB
P05198	EIF2S1
P05204	HMGN2
P05362	ICAM1
P05387	RPLP2
P05388	RPLP0
P05412	JUN
P05413	FABP3
P05452	CLEC3B
P05455	SSB
P05538	HLA-DQB2
P05556	ITGB1
P05771	PRKCB
P05783	KRT18
P05937	CALB1
P06132	UROD
P06213	INSR
P06241	FYN
P06280	GLA
P06396	GSN
P06400	RB1
P06454	PTMA
P06493	CDK1
P06576	ATP5F1B
P06681	C2
P06702	S100A9
P06703	S100A6
P06729	CD2
P06730	EIF4E
P06733	ENO1
P06734	FCER2
P06737	PYGL
P06744	GPI
P06746	POLB
P06748	NPM1
P06753	TPM3
P06756	ITGAV
P06858	LPL
P06865	HEXA
P06899	H2BC11
P07093	SERPINE2
P07099	EPHX1
P07108	DBI
P07195	LDHB
P07197	NEFM
P07199	CENPB
P07203	GPX1
P07204	THBD
P07205	PGK2
P07225	PROS1
P07237	P4HB
P07305	H1-0
P07311	ACYP1
P07332	FES
P07333	CSF1R
P07339	CTSD
P07355	ANXA2
P07359	GP1BA
P07384	CAPN1
P07437	TUBB
P07451	CA3
P07478	PRSS2
P07602	PSAP
P07686	HEXB
P07711	CTSL
P07737	PFN1
P07741	APRT
P07814	EPRS1
P07858	CTSB
P07900	HSP90AA1
P07902	GALT
P07910	HNRNPC
P07919	UQCRH
P07947	YES1
P07948	LYN
P07954	FH
P07992	ERCC1
P07996	THBS1
P08047	SP1
P08069	IGF1R
P08133	ANXA6
P08134	RHOC
P08173	CHRM4
P08174	CD55
P08195	SLC3A2
P08236	GUSB
P08237	PFKM
P08238	HSP90AB1
P08240	SRPRA
P08246	ELANE
P08253	MMP2
P08311	CTSG
P08397	HMBS
P08473	MME
P08514	ITGA2B
P08559	PDHA1
P08567	PLEK
P08571	CD14
P08574	CYC1
P08575	PTPRC
P08579	SNRPB2
P08603	CFH
P08621	SNRNP70
P08631	HCK
P08648	ITGA5
P08651	NFIC
P08670	VIM
P08697	SERPINF2
P08708	RPS17
P08754	GNAI3
P08758	ANXA5
P08779	KRT16
P08865	RPSA
P08910	ABHD2
P08913	ADRA2A
P08962	CD63
P09001	MRPL3
P09012	SNRPA
P09086	POU2F2
P09104	ENO2
P09110	ACAA1
P09132	SRP19
P09211	GSTP1
P09326	CD48
P09382	LGALS1
P09417	QDPR
P09429	HMGB1
P09455	RBP1
P09467	FBP1
P09486	SPARC
P09488	GSTM1
P09493	TPM1
P09496	CLTA
P09497	CLTB
P09525	ANXA4
P09543	CNP
P09601	HMOX1
P09622	DLD
P09651	HNRNPA1
P09661	SNRPA1
P09668	CTSH
P09669	COX6C
P09769	FGR
P09874	PARP1
P09884	POLA1
P09913	IFIT2
P09914	IFIT1
P09917	ALOX5
P09936	UCHL1
P09958	FURIN
P09960	LTA4H
P09972	ALDOC
P0C221	CCDC175
P0C7P3	SLFN14
P0C7P4	UQCRFS1P1
P0C7U0	ELFN1
P0C7W6	CCDC172
P0C7X2	ZNF688
P0C870	JMJD7
P0CAP2	POLR2M
P0CG12	DERPC
P0CG38	POTEI
P0CG40	SP9
P0DMQ5	INAFM2
P0DPB6	POLR1D
P10074	ZBTB48
P10109	FDX1
P10114	RAP2A
P10124	SRGN
P10145	CXCL8
P10153	RNASE2
P10155	RO60
P10253	GAA
P10276	RARA
P10301	RRAS
P10321	HLA-C
P10398	ARAF
P10412	H1-4
P10415	BCL2
P10451	SPP1
P10515	DLAT
P10599	TXN
P10606	COX5B
P10619	CTSA
P10620	MGST1
P10636	MAPT
P10644	PRKAR1A
P10720	PF4V1
P10721	KIT
P10746	UROS
P10768	ESD
P10809	HSPD1
P10909	CLU
P11021	HSPA5
P11047	LAMC1
P11049	CD37
P11117	ACP2
P11142	HSPA8
P11150	LIPC
P11166	SLC2A1
P11169	SLC2A3
P11171	EPB41
P11172	UMPS
P11177	PDHB
P11182	DBT
P11215	ITGAM
P11216	PYGB
P11217	PYGM
P11233	RALA
P11234	RALB
P11274	BCR
P11277	SPTB
P11279	LAMP1
P11308	ERG
P11310	ACADM
P11387	TOP1
P11388	TOP2A
P11413	G6PD
P11441	UBL4A
P11474	ESRRA
P11498	PC
P11586	MTHFD1
P11678	EPX
P11717	IGF2R
P11766	ADH5
P11802	CDK4
P11908	PRPS2
P11940	PABPC1
P12004	PCNA
P12074	COX6A1
P12081	HARS1
P12107	COL11A1
P12109	COL6A1
P12110	COL6A2
P12235	SLC25A4
P12236	SLC25A6
P12259	F5
P12268	IMPDH2
P12270	TPR
P12277	CKB
P12314	FCGR1A
P12318	FCGR2A
P12429	ANXA3
P12532	CKMT1A
P12532	CKMT1B
P12694	BCKDHA
P12724	RNASE3
P12755	SKI
P12814	ACTN1
P12821	ACE
P12829	MYL4
P12931	SRC
P12955	PEPD
P12956	XRCC6
P13010	XRCC5
P13051	UNG
P13073	COX4I1
P13196	ALAS1
P13224	GP1BB
P13284	IFI30
P13473	LAMP2
P13489	RNH1
P13498	CYBA
P13501	CCL5
P13598	ICAM2
P13611	VCAN
P13612	ITGA4
P13639	EEF2
P13647	KRT5
P13667	PDIA4
P13674	P4HA1
P13686	ACP5
P13688	CEACAM1
P13693	TPT1
P13716	ALAD
P13727	PRG2
P13747	HLA-E
P13762	HLA-DRB4
P13796	LCP1
P13797	PLS3
P13798	APEH
P13804	ETFA
P13807	GYS1
P13861	PRKAR2A
P13929	ENO3
P13984	GTF2F2
P13987	CD59
P13995	MTHFD2
P14151	SELL
P14174	MIF
P14207	FOLR2
P14209	CD99
P14314	PRKCSH
P14317	HCLS1
P14324	FDPS
P14384	CPM
P14406	COX7A2
P14543	NID1
P14550	AKR1A1
P14598	NCF1
P14618	PKM
P14621	ACYP2
P14625	HSP90B1
P14678	SNRPB
P14735	IDE
P14770	GP9
P14778	IL1R1
P14780	MMP9
P14854	COX6B1
P14859	POU2F1
P14866	HNRNPL
P14868	DARS1
P14923	JUP
P14927	UQCRB
P15056	BRAF
P15088	CPA3
P15090	FABP4
P15104	GLUL
P15121	AKR1B1
P15144	ANPEP
P15151	PVR
P15153	RAC2
P15170	GSPT1
P15260	IFNGR1
P15289	ARSA
P15291	B4GALT1
P15309	ACP3
P15311	EZR
P15313	ATP6V1B1
P15336	ATF2
P15374	UCHL3
P15408	FOSL2
P15428	HPGD
P15498	VAV1
P15509	CSF2RA
P15529	CD46
P15531	NME1
P15559	NQO1
P15586	GNS
P15735	PHKG2
P15848	ARSB
P15880	RPS2
P15907	ST6GAL1
P15924	DSP
P15927	RPA2
P15954	COX7C
P16035	TIMP2
P16050	ALOX15
P16070	CD44
P16083	NQO2
P16104	H2AX
P16109	SELP
P16150	SPN
P16152	CBR1
P16157	ANK1
P16219	ACADS
P16220	CREB1
P16278	GLB1
P16284	PECAM1
P16298	PPP3CB
P16333	NCK1
P16383	GCFC2
P16401	H1-5
P16403	H1-2
P16435	POR
P16455	MGMT
P16520	GNB3
P16591	FER
P16615	ATP2A2
P16671	CD36
P16871	IL7R
P16885	PLCG2
P16930	FAH
P16949	STMN1
P16989	YBX3
P17010	ZFX
P17026	ZNF22
P17050	NAGA
P17066	HSPA6
P17081	RHOQ
P17096	HMGA1
P17152	TMEM11
P17174	GOT1
P17213	BPI
P17252	PRKCA
P17301	ITGA2
P17405	SMPD1
P17480	UBTF
P17516	AKR1C4
P17544	ATF7
P17568	NDUFB7
P17612	PRKACA
P17655	CAPN2
P17661	DES
P17676	CEBPB
P17706	PTPN2
P17812	CTPS1
P17813	ENG
P17844	DDX5
P17858	PFKL
P17900	GM2A
P17927	CR1
P17931	LGALS3
P17947	SPI1
P17980	PSMC3
P17987	TCP1
P18031	PTPN1
P18054	ALOX12
P18065	IGFBP2
P18074	ERCC2
P18077	RPL35A
P18084	ITGB5
P18085	ARF4
P18124	RPL7
P18206	VCL
P18433	PTPRA
P18440	NAT1
P18510	IL1RN
P18583	SON
P18615	NELFE
P18621	RPL17
P18669	PGAM1
P18754	RCC1
P18858	LIG1
P18859	ATP5PF
P18887	XRCC1
P19013	KRT4
P19021	PAM
P19086	GNAZ
P19087	GNAT2
P19113	HDC
P19174	PLCG1
P19224	UGT1A6
P19256	CD58
P19338	NCL
P19367	HK1
P19387	POLR2C
P19388	POLR2E
P19397	CD53
P19404	NDUFV2
P19438	TNFRSF1A
P19440	GGT1
P19447	ERCC3
P19474	TRIM21
P19525	EIF2AK2
P19532	TFE3
P19623	SRM
P19634	SLC9A1
P19784	CSNK2A2
P19793	RXRA
P19801	AOC1
P19838	NFKB1
P19876	CXCL3
P19878	NCF2
P19883	FST
P19971	TYMP
P20020	ATP2B1
P20036	HLA-DPA1
P20042	EIF2S2
P20061	TCN1
P20073	ANXA7
P20132	SDS
P20138	CD33
P20160	AZU1
P20248	CCNA2
P20290	BTF3
P20292	ALOX5AP
P20333	TNFRSF1B
P20338	RAB4A
P20339	RAB5A
P20340	RAB6A
P20472	PVALB
P20585	MSH3
P20591	MX1
P20592	MX2
P20618	PSMB1
P20645	M6PR
P20674	COX5A
P20700	LMNB1
P20701	ITGAL
P20702	ITGAX
P20749	BCL3
P20810	CAST
P20815	CYP3A5
P20839	IMPDH1
P20936	RASA1
P20962	PTMS
P21108	PRPS1L1
P21266	GSTM3
P21281	ATP6V1B2
P21283	ATP6V1C1
P21291	CSRP1
P21333	FLNA
P21359	NF1
P21397	MAOA
P21399	ACO1
P21462	FPR1
P21506	ZNF10
P21583	KITLG
P21675	TAF1
P21695	GPD1
P21730	C5AR1
P21757	MSR1
P21796	VDAC1
P21854	CD72
P21912	SDHB
P21926	CD9
P21953	BCKDHB
P21964	COMT
P21980	TGM2
P22001	KCNA3
P22033	MMUT
P22059	OSBP
P22061	PCMT1
P22083	FUT4
P22087	FBL
P22090	RPS4Y1
P22102	GART
P22234	PAICS
P22304	IDS
P22307	SCP2
P22314	UBA1
P22392	NME2
P22415	USF1
P22570	FDXR
P22612	PRKACG
P22626	HNRNPA2B1
P22670	RFX1
P22676	CALB2
P22681	CBL
P22694	PRKACB
P22695	UQCRC2
P22749	GNLY
P22830	FECH
P22894	MMP8
P22897	MRC1
P23025	XPA
P23141	CES1
P23193	TCEA1
P23219	PTGS1
P23229	ITGA6
P23246	SFPQ
P23258	TUBG1
P23284	PPIB
P23297	S100A1
P23368	ME2
P23381	WARS1
P23396	RPS3
P23443	RPS6KB1
P23458	JAK1
P23469	PTPRE
P23497	SP100
P23526	AHCY
P23528	CFL1
P23588	EIF4B
P23610	F8A1
P23610	F8A2
P23610	F8A3
P23634	ATP2B4
P23743	DGKA
P23769	GATA2
P23786	CPT2
P23919	DTYMK
P23921	RRM1
P23945	FSHR
P23946	CMA1
P24158	PRTN3
P24311	COX7B
P24386	CHM
P24394	IL4R
P24534	EEF1B2
P24539	ATP5PB
P24557	TBXAS1
P24588	AKAP5
P24666	ACP1
P24752	ACAT1
P24844	MYL9
P24928	POLR2A
P24941	CDK2
P25024	CXCR1
P25054	APC
P25098	GRK2
P25105	PTAFR
P25116	F2R
P25205	MCM3
P25208	NFYB
P25325	MPST
P25398	RPS12
P25440	BRD2
P25445	FAS
P25490	YY1
P25685	DNAJB1
P25686	DNAJB2
P25705	ATP5F1A
P25774	CTSS
P25786	PSMA1
P25787	PSMA2
P25788	PSMA3
P25789	PSMA4
P25815	S100P
P25942	CD40
P25963	NFKBIA
P26006	ITGA3
P26010	ITGB7
P26038	MSN
P26196	DDX6
P26232	CTNNA2
P26358	DNMT1
P26368	U2AF2
P26373	RPL13
P26374	CHML
P26440	IVD
P26447	S100A4
P26572	MGAT1
P26583	HMGB2
P26599	PTBP1
P26639	TARS1
P26640	VARS1
P26641	EEF1G
P26885	FKBP2
P26951	IL3RA
P27105	STOM
P27144	AK4
P27216	ANXA13
P27338	MAOB
P27348	YWHAQ
P27361	MAPK3
P27448	MARK3
P27449	ATP6V0C
P27487	DPP4
P27540	ARNT
P27635	RPL10
P27694	RPA1
P27695	APEX1
P27701	CD82
P27707	DCK
P27708	CAD
P27797	CALR
P27815	PDE4A
P27816	MAP4
P27824	CANX
P27986	PIK3R1
P27987	ITPKB
P28039	AOAH
P28062	PSMB8
P28065	PSMB9
P28066	PSMA5
P28067	HLA-DMA
P28068	HLA-DMB
P28070	PSMB4
P28072	PSMB6
P28074	PSMB5
P28161	GSTM2
P28288	ABCD3
P28289	TMOD1
P28290	ITPRID2
P28331	NDUFS1
P28340	POLD1
P28482	MAPK1
P28676	GCA
P28702	RXRB
P28715	ERCC5
P28799	GRN
P28827	PTPRM
P28838	LAP3
P28845	HSD11B1
P28907	CD38
P28908	TNFRSF8
P29083	GTF2E1
P29084	GTF2E2
P29122	PCSK6
P29144	TPP2
P29218	IMPA1
P29350	PTPN6
P29353	SHC1
P29372	MPG
P29373	CRABP2
P29374	ARID4A
P29375	KDM5A
P29401	TKT
P29466	CASP1
P29475	NOS1
P29558	RBMS1
P29590	PML
P29597	TYK2
P29692	EEF1D
P29728	OAS2
P29965	CD40LG
P29966	MARCKS
P29992	GNA11
P30038	ALDH4A1
P30039	PBLD
P30040	ERP29
P30041	PRDX6
P30043	BLVRB
P30044	PRDX5
P30047	GCHFR
P30048	PRDX3
P30049	ATP5F1D
P30050	RPL12
P30084	ECHS1
P30085	CMPK1
P30086	PEBP1
P30101	PDIA3
P30153	PPP2R1A
P30154	PPP2R1B
P30260	CDC27
P30273	FCER1G
P30281	CCND3
P30291	WEE1
P30405	PPIF
P30414	NKTR
P30419	NMT1
P30511	HLA-F
P30519	HMOX2
P30520	ADSS2
P30533	LRPAP1
P30536	TSPO
P30566	ADSL
P30613	PKLR
P30622	CLIP1
P30626	SRI
P30679	GNA15
P30711	GSTT1
P30740	SERPINB1
P30825	SLC7A1
P30837	ALDH1B1
P30876	POLR2B
P31040	SDHA
P31146	CORO1A
P31150	GDI1
P31153	MAT2A
P31321	PRKAR1B
P31323	PRKAR2B
P31350	RRM2
P31431	SDC4
P31483	TIA1
P31641	SLC6A6
P31689	DNAJA1
P31749	AKT1
P31751	AKT2
P31785	IL2RG
P31930	UQCRC1
P31937	HIBADH
P31939	ATIC
P31941	APOBEC3A
P31942	HNRNPH3
P31943	HNRNPH1
P31946	YWHAB
P31948	STIP1
P31949	S100A11
P31994	FCGR2B
P32019	INPP5B
P32119	PRDX2
P32121	ARRB2
P32189	GK
P32239	CCKBR
P32246	CCR1
P32320	CDA
P32321	DCTD
P32322	PYCR1
P32418	SLC8A1
P32455	GBP1
P32456	GBP2
P32519	ELF1
P32780	GTF2H1
P32856	STX2
P32927	CSF2RB
P32929	CTH
P32942	ICAM3
P32969	RPL9
P32969	RPL9P7
P32969	RPL9P8
P32969	RPL9P9
P33121	ACSL1
P33176	KIF5B
P33240	CSTF2
P33241	LSP1
P33316	DUT
P33527	ABCC1
P33681	CD80
P33897	ABCD1
P33908	MAN1A1
P33947	KDELR2
P33981	TTK
P33991	MCM4
P33992	MCM5
P33993	MCM7
P34059	GALNS
P34741	SDC2
P34810	CD68
P34896	SHMT1
P34897	SHMT2
P34910	EVI2B
P34931	HSPA1L
P34932	HSPA4
P34949	MPI
P35030	PRSS3
P35080	PFN2
P35219	CA8
P35221	CTNNA1
P35226	BMI1
P35227	PCGF2
P35232	PHB1
P35236	PTPN7
P35237	SERPINB6
P35240	NF2
P35241	RDX
P35244	RPA3
P35249	RFC4
P35250	RFC2
P35251	RFC1
P35268	RPL22
P35269	GTF2F1
P35270	SPR
P35475	IDUA
P35558	PCK1
P35573	AGL
P35579	MYH9
P35580	MYH10
P35606	COPB2
P35609	ACTN2
P35610	SOAT1
P35611	ADD1
P35613	BSG
P35626	GRK3
P35637	FUS
P35658	NUP214
P35659	DEK
P35754	GLRX
P35790	CHKA
P35813	PPM1A
P35869	AHR
P35914	HMGCL
P35998	PSMC2
P36222	CHI3L1
P36269	GGT5
P36404	ARL2
P36405	ARL3
P36507	MAP2K2
P36542	ATP5F1C
P36543	ATP6V1E1
P36551	CPOX
P36575	ARR3
P36578	RPL4
P36639	NUDT1
P36776	LONP1
P36871	PGM1
P36873	PPP1CC
P36896	ACVR1B
P36897	TGFBR1
P36915	GNL1
P36941	LTBR
P36954	POLR2I
P36955	SERPINF1
P36957	DLST
P36959	GMPR
P36969	GPX4
P37023	ACVRL1
P37108	SRP14
P37173	TGFBR2
P37198	NUP62
P37235	HPCAL1
P37268	FDFT1
P37287	PIGA
P37802	TAGLN2
P37837	TALDO1
P37840	SNCA
P38117	ETFB
P38159	RBMX
P38432	COIL
P38570	ITGAE
P38571	LIPA
P38606	ATP6V1A
P38646	HSPA9
P38919	EIF4A3
P38935	IGHMBP2
P38936	CDKN1A
P39019	RPS19
P39023	RPL3
P39210	MPV17
P39656	DDOST
P39687	ANP32A
P39748	FEN1
P39880	CUX1
P39900	MMP12
P40121	CAPG
P40189	IL6ST
P40197	GP5
P40200	CD96
P40222	TXLNA
P40225	THPO
P40227	CCT6A
P40306	PSMB10
P40337	VHL
P40429	RPL13A
P40616	ARL1
P40692	MLH1
P40763	STAT3
P40818	USP8
P40855	PEX19
P40925	MDH1
P40926	MDH2
P40937	RFC5
P40938	RFC3
P40939	HADHA
P41091	EIF2S3
P41208	CETN2
P41212	ETV6
P41214	EIF2D
P41217	CD200
P41218	MNDA
P41219	PRPH
P41222	PTGDS
P41223	BUD31
P41226	UBA7
P41227	NAA10
P41229	KDM5C
P41240	CSK
P41250	GARS1
P41252	IARS1
P41279	MAP3K8
P41440	SLC19A1
P41567	EIF1
P41743	PRKCI
P42025	ACTR1B
P42126	ECI1
P42166	TMPO
P42167	TMPO
P42224	STAT1
P42226	STAT6
P42229	STAT5A
P42285	MTREX
P42330	AKR1C3
P42331	ARHGAP25
P42336	PIK3CA
P42338	PIK3CB
P42345	MTOR
P42356	PI4KA
P42357	HAL
P42566	EPS15
P42574	CASP3
P42575	CASP2
P42677	RPS27
P42679	MATK
P42680	TEC
P42684	ABL2
P42694	HELZ
P42695	NCAPD3
P42696	RBM34
P42704	LRPPRC
P42765	ACAA2
P42766	RPL35
P42768	WAS
P42771	CDKN2A
P42785	PRCP
P42830	CXCL5
P42858	HTT
P42892	ECE1
P42898	MTHFR
P43003	SLC1A3
P43007	SLC1A4
P43034	PAFAH1B1
P43155	CRAT
P43235	CTSK
P43243	MATR3
P43246	MSH2
P43250	GRK6
P43251	BTD
P43304	GPD2
P43307	SSR1
P43353	ALDH3B1
P43354	NR4A2
P43378	PTPN9
P43405	SYK
P43487	RANBP1
P43490	NAMPT
P43686	PSMC4
P43897	TSFM
P45844	ABCG1
P45877	PPIC
P45880	VDAC2
P45954	ACADSB
P45973	CBX5
P45974	USP5
P45983	MAPK8
P45984	MAPK9
P45985	MAP2K4
P46013	MKI67
P46019	PHKA2
P46060	RANGAP1
P46063	RECQL
P46087	NOP2
P46100	ATRX
P46108	CRK
P46109	CRKL
P46199	MTIF2
P46379	BAG6
P46459	NSF
P46527	CDKN1B
P46531	NOTCH1
P46734	MAP2K3
P46736	BRCC3
P46776	RPL27A
P46777	RPL5
P46778	RPL21
P46779	RPL28
P46781	RPS9
P46782	RPS5
P46783	RPS10
P46926	GNPDA1
P46934	NEDD4
P46939	UTRN
P46940	IQGAP1
P46952	HAAO
P46976	GYG1
P46977	STT3A
P47712	PLA2G4A
P47755	CAPZA2
P47756	CAPZB
P47897	QARS1
P47914	RPL29
P47985	UQCRFS1
P48029	SLC6A8
P48047	ATP5PO
P48059	LIMS1
P48147	PREP
P48163	ME1
P48200	IREB2
P48382	RFX5
P48426	PIP4K2A
P48444	ARCN1
P48448	ALDH3B2
P48449	LSS
P48506	GCLC
P48507	GCLM
P48509	CD151
P48544	KCNJ5
P48553	TRAPPC10
P48556	PSMD8
P48595	SERPINB10
P48634	PRRC2A
P48637	GSS
P48643	CCT5
P48651	PTDSS1
P48668	KRT6C
P48681	NES
P48723	HSPA13
P48729	CSNK1A1
P48730	CSNK1D
P48735	IDH2
P48736	PIK3CG
P48739	PITPNB
P48960	ADGRE5
P49005	POLD2
P49006	MARCKSL1
P49023	PXN
P49069	CAMLG
P49116	NR2C2
P49137	MAPKAPK2
P49184	DNASE1L1
P49189	ALDH9A1
P49247	RPIA
P49257	LMAN1
P49279	SLC11A1
P49281	SLC11A2
P49321	NASP
P49326	FMO5
P49327	FASN
P49354	FNTA
P49356	FNTB
P49366	DHPS
P49368	CCT3
P49406	MRPL19
P49407	ARRB1
P49411	TUFM
P49419	ALDH7A1
P49427	CDC34
P49441	INPP1
P49454	CENPF
P49458	SRP9
P49585	PCYT1A
P49588	AARS1
P49589	CARS1
P49590	HARS2
P49591	SARS1
P49593	PPM1F
P49619	DGKG
P49641	MAN2A2
P49642	PRIM1
P49643	PRIM2
P49662	CASP4
P49711	CTCF
P49715	CEBPA
P49716	CEBPD
P49720	PSMB3
P49721	PSMB2
P49736	MCM2
P49748	ACADVL
P49750	YLPM1
P49754	VPS41
P49755	TMED10
P49756	RBM25
P49757	NUMB
P49759	CLK1
P49767	VEGFC
P49768	PSEN1
P49770	EIF2B2
P49773	HINT1
P49788	RARRES1
P49789	FHIT
P49790	NUP153
P49792	RANBP2
P49795	RGS19
P49796	RGS3
P49810	PSEN2
P49815	TSC2
P49821	NDUFV1
P49840	GSK3A
P49841	GSK3B
P49842	STK19
P49848	TAF6
P49902	NT5C2
P49903	SEPHS1
P49913	CAMP
P49914	MTHFS
P49915	GMPS
P49916	LIG3
P49917	LIG4
P49959	MRE11
P49961	ENTPD1
P50135	HNMT
P50148	GNAQ
P50151	GNG10
P50213	IDH3A
P50225	SULT1A1
P50238	CRIP1
P50336	PPOX
P50395	GDI2
P50402	EMD
P50416	CPT1A
P50440	GATM
P50443	SLC26A2
P50453	SERPINB9
P50454	SERPINH1
P50479	PDLIM4
P50502	ST13
P50542	PEX5
P50548	ERF
P50552	VASP
P50570	DNM2
P50579	METAP2
P50583	NUDT2
P50591	TNFSF10
P50613	CDK7
P50748	KNTC1
P50749	RASSF2
P50750	CDK9
P50851	LRBA
P50897	PPT1
P50914	RPL14
P50990	CCT8
P50991	CCT4
P50995	ANXA11
P51003	PAPOLA
P51114	FXR1
P51116	FXR2
P51148	RAB5C
P51149	RAB7A
P51151	RAB9A
P51153	RAB13
P51159	RAB27A
P51160	PDE6C
P51178	PLCD1
P51397	DAP
P51398	DAP3
P51452	DUSP3
P51531	SMARCA2
P51532	SMARCA4
P51553	IDH3G
P51570	GALK1
P51571	SSR4
P51572	BCAP31
P51575	P2RX1
P51580	TPMT
P51606	RENBP
P51608	MECP2
P51610	HCFC1
P51617	IRAK1
P51648	ALDH3A2
P51649	ALDH5A1
P51659	HSD17B4
P51665	PSMD7
P51668	UBE2D1
P51688	SGSH
P51689	ARSD
P51692	STAT5B
P51784	USP11
P51787	KCNQ1
P51790	CLCN3
P51795	CLCN5
P51797	CLCN6
P51798	CLCN7
P51808	DYNLT3
P51809	VAMP7
P51811	XK
P51812	RPS6KA3
P51825	AFF1
P51828	ADCY7
P51858	HDGF
P51884	LUM
P51946	CCNH
P51948	MNAT1
P51956	NEK3
P51957	NEK4
P51970	NDUFA8
P51991	HNRNPA3
P52209	PGD
P52272	HNRNPM
P52292	KPNA2
P52294	KPNA1
P52306	RAP1GDS1
P52333	JAK3
P52434	POLR2H
P52564	MAP2K6
P52565	ARHGDIA
P52566	ARHGDIB
P52594	AGFG1
P52597	HNRNPF
P52630	STAT2
P52655	GTF2A1
P52657	GTF2A2
P52701	MSH6
P52732	KIF11
P52739	ZNF131
P52756	RBM5
P52757	CHN2
P52758	RIDA
P52788	SMS
P52789	HK2
P52790	HK3
P52815	MRPL12
P52824	DGKQ
P52848	NDST1
P52849	NDST2
P52888	THOP1
P52895	AKR1C2
P52907	CAPZA1
P52926	HMGA2
P52943	CRIP2
P52948	NUP98
P53004	BLVRA
P53007	SLC25A1
P53041	PPP5C
P53350	PLK1
P53355	DAPK1
P53365	ARFIP2
P53367	ARFIP1
P53370	NUDT6
P53384	NUBP1
P53396	ACLY
P53582	METAP1
P53597	SUCLG1
P53602	MVD
P53611	RABGGTB
P53618	COPB1
P53621	COPA
P53634	CTSC
P53667	LIMK1
P53671	LIMK2
P53675	CLTCL1
P53677	AP3M2
P53680	AP2S1
P53701	HCCS
P53801	PTTG1IP
P53985	SLC16A1
P53990	IST1
P53992	SEC24C
P53999	SUB1
P54098	POLG
P54105	CLNS1A
P54132	BLM
P54136	RARS1
P54198	HIRA
P54252	ATXN3
P54259	ATN1
P54278	PMS2
P54577	YARS1
P54578	USP14
P54619	PRKAG1
P54652	HSPA2
P54687	BCAT1
P54707	ATP12A
P54709	ATP1B3
P54725	RAD23A
P54727	RAD23B
P54802	NAGLU
P54803	GALC
P54819	AK2
P54852	EMP3
P54886	ALDH18A1
P54920	NAPA
P54922	ADPRH
P55008	AIF1
P55010	EIF5
P55011	SLC12A2
P55036	PSMD4
P55039	DRG2
P55058	PLTP
P55060	CSE1L
P55072	VCP
P55081	MFAP1
P55084	HADHB
P55145	MANF
P55157	MTTP
P55160	NCKAP1L
P55196	AFDN
P55199	ELL
P55201	BRPF1
P55209	NAP1L1
P55210	CASP7
P55211	CASP9
P55212	CASP6
P55263	ADK
P55265	ADAR
P55327	TPD52
P55345	PRMT2
P55735	SEC13
P55769	SNU13
P55774	CCL18
P55786	NPEPPS
P55789	GFER
P55795	HNRNPH2
P55809	OXCT1
P55854	SUMO3
P55884	EIF3B
P55899	FCGRT
P55957	BID
P56134	ATP5MF
P56181	NDUFV3
P56182	RRP1
P56192	MARS1
P56202	CTSW
P56211	ARPP19
P56270	MAZ
P56277	CMC4
P56373	P2RX3
P56377	AP1S2
P56385	ATP5ME
P56524	HDAC4
P56537	EIF6
P56545	CTBP2
P56556	NDUFA6
P56589	PEX3
P56645	PER3
P56937	HSD17B7
P56945	BCAR1
P56962	STX17
P57057	SLC37A1
P57076	CFAP298
P57105	SYNJ2BP
P57678	GEMIN4
P57679	EVC
P57729	RAB38
P57737	CORO7
P57740	NUP107
P57764	GSDMD
P57768	SNX16
P57772	EEFSEC
P58107	EPPK1
P58215	LOXL3
P58335	ANTXR2
P58511	SMIM11
P58546	MTPN
P59190	RAB15
P59768	GNG2
P59780	AP3S2
P59998	ARPC4
P60033	CD81
P60059	SEC61G
P60174	TPI1
P60228	EIF3E
P60468	SEC61B
P60484	PTEN
P60510	PPP4C
P60520	GABARAPL2
P60602	ROMO1
P60604	UBE2G2
P60660	MYL6
P60673	PFN3
P60842	EIF4A1
P60866	RPS20
P60891	PRPS1
P60900	PSMA6
P60903	S100A10
P60953	CDC42
P60981	DSTN
P60983	GMFB
P61006	RAB8A
P61009	SPCS3
P61011	SRP54
P61018	RAB4B
P61019	RAB2A
P61020	RAB5B
P61026	RAB10
P61073	CXCR4
P61081	UBE2M
P61086	UBE2K
P61088	UBE2N
P61106	RAB14
P61158	ACTR3
P61160	ACTR2
P61163	ACTR1A
P61201	COPS2
P61204	ARF3
P61221	ABCE1
P61224	RAP1B
P61225	RAP2B
P61244	MAX
P61247	RPS3A
P61254	RPL26
P61289	PSME3
P61313	RPL15
P61326	MAGOH
P61353	RPL27
P61421	ATP6V0D1
P61457	PCBD1
P61513	RPL37A
P61586	RHOA
P61604	HSPE1
P61619	SEC61A1
P61626	LYZ
P61758	VBP1
P61764	STXBP1
P61769	B2M
P61803	DAD1
P61916	NPC2
P61923	COPZ1
P61925	PKIA
P61956	SUMO2
P61960	UFM1
P61964	WDR5
P61966	AP1S1
P61970	NUTF2
P61978	HNRNPK
P61981	YWHAG
P62081	RPS7
P62136	PPP1CA
P62166	NCS1
P62191	PSMC1
P62195	PSMC5
P62241	RPS8
P62244	RPS15A
P62249	RPS16
P62253	UBE2G1
P62256	UBE2H
P62258	YWHAE
P62263	RPS14
P62266	RPS23
P62269	RPS18
P62277	RPS13
P62280	RPS11
P62304	SNRPE
P62306	SNRPF
P62310	LSM3
P62312	LSM6
P62314	SNRPD1
P62316	SNRPD2
P62318	SNRPD3
P62328	TMSB4X
P62330	ARF6
P62333	PSMC6
P62341	SELENOT
P62380	TBPL1
P62424	RPL7A
P62487	POLR2G
P62491	RAB11A
P62495	ETF1
P62633	CNBP
P62699	YPEL5
P62701	RPS4X
P62745	RHOB
P62750	RPL23A
P62753	RPS6
P62805	H4C1
P62805	H4C11
P62805	H4C12
P62805	H4C13
P62805	H4C14
P62805	H4C15
P62805	H4C16
P62805	H4C2
P62805	H4C3
P62805	H4C4
P62805	H4C5
P62805	H4C6
P62805	H4C8
P62805	H4C9
P62820	RAB1A
P62826	RAN
P62829	RPL23
P62834	RAP1A
P62837	UBE2D2
P62841	RPS15
P62851	RPS25
P62854	RPS26
P62857	RPS28
P62861	FAU
P62873	GNB1
P62879	GNB2
P62888	RPL30
P62899	RPL31
P62906	RPL10A
P62910	RPL32
P62913	RPL11
P62917	RPL8
P62937	PPIA
P62942	FKBP1A
P62979	RPS27A
P62993	GRB2
P63000	RAC1
P63010	AP2B1
P63096	GNAI1
P63098	PPP3R1
P63104	YWHAZ
P63151	PPP2R2A
P63165	SUMO1
P63167	DYNLL1
P63172	DYNLT1
P63208	SKP1
P63220	RPS21
P63241	EIF5A
P63244	RACK1
P63267	ACTG2
P63272	SUPT4H1
P63279	UBE2I
P63302	SELENOW
P63313	TMSB10
P67775	PPP2CA
P67809	YBX1
P67812	SEC11A
P67870	CSNK2B
P67936	TPM4
P68036	UBE2L3
P68104	EEF1A1
P68133	ACTA1
P68366	TUBA4A
P68400	CSNK2A1
P68402	PAFAH1B2
P68871	HBB
P69905	HBA1
P69905	HBA2
P78312	FAM193A
P78314	SH3BP2
P78316	NOP14
P78318	IGBP1
P78324	SIRPA
P78325	ADAM8
P78330	PSPH
P78332	RBM6
P78344	EIF4G2
P78345	RPP38
P78346	RPP30
P78347	GTF2I
P78356	PIP4K2B
P78362	SRPK2
P78368	CSNK1G2
P78371	CCT2
P78380	OLR1
P78382	SLC35A1
P78383	SLC35B1
P78385	KRT83
P78386	KRT85
P78406	RAE1
P78417	GSTO1
P78527	PRKDC
P78536	ADAM17
P78537	BLOC1S1
P78539	SRPX
P78540	ARG2
P78559	MAP1A
P78560	CRADD
P78563	ADARB1
P79483	HLA-DRB3
P80217	IFI35
P80303	NUCB2
P80404	ABAT
P80511	S100A12
P80723	BASP1
P81605	DCD
P82094	TMF1
P82650	MRPS22
P82663	MRPS25
P82664	MRPS10
P82673	MRPS35
P82675	MRPS5
P82909	KGD4
P82912	MRPS11
P82914	MRPS15
P82930	MRPS34
P82932	MRPS6
P82933	MRPS9
P82970	HMGN5
P82979	SARNP
P83110	HTRA3
P83111	LACTB
P83436	COG7
P83731	RPL24
P83881	RPL36A
P83916	CBX1
P84077	ARF1
P84085	ARF5
P84090	ERH
P84095	RHOG
P84101	SERF2
P84103	SRSF3
P84157	MXRA7
P85037	FOXK1
P86397	HTD2
P98082	DAB2
P98155	VLDLR
P98160	HSPG2
P98170	XIAP
P98171	ARHGAP4
P98172	EFNB1
P98175	RBM10
P98179	RBM3
P98194	ATP2C1
P98196	ATP11A
P99999	CYCS
Q00013	MPP1
Q00059	TFAM
Q00169	PITPNA
Q00325	SLC25A3
Q00341	HDLBP
Q00403	GTF2B
Q00534	CDK6
Q00535	CDK5
Q00536	CDK16
Q00537	CDK17
Q00577	PURA
Q00610	CLTC
Q00613	HSF1
Q00653	NFKB2
Q00688	FKBP3
Q00722	PLCB2
Q00765	REEP5
Q00796	SORD
Q00839	HNRNPU
Q00978	IRF9
Q01081	U2AF1
Q01082	SPTBN1
Q01085	TIAL1
Q01105	SET
Q01130	SRSF2
Q01167	FOXK2
Q01196	RUNX1
Q01201	RELB
Q01362	MS4A2
Q01415	GALK2
Q01432	AMPD3
Q01433	AMPD2
Q01459	CTBS
Q01469	FABP5
Q01518	CAP1
Q01543	FLI1
Q01581	HMGCS1
Q01628	IFITM3
Q01629	IFITM2
Q01638	IL1RL1
Q01650	SLC7A5
Q01658	DR1
Q01664	TFAP4
Q01780	EXOSC10
Q01804	OTUD4
Q01813	PFKP
Q01814	ATP2B2
Q01826	SATB1
Q01831	XPC
Q01844	EWSR1
Q01968	OCRL
Q01970	PLCB3
Q02040	AKAP17A
Q02083	NAAA
Q02086	SP2
Q02108	GUCY1A1
Q02127	DHODH
Q02153	GUCY1B1
Q02156	PRKCE
Q02218	OGDH
Q02252	ALDH6A1
Q02318	CYP27A1
Q02338	BDH1
Q02410	APBA1
Q02413	DSG1
Q02446	SP4
Q02447	SP3
Q02487	DSC2
Q02539	H1-1
Q02543	RPL18A
Q02742	GCNT1
Q02750	MAP2K1
Q02790	FKBP4
Q02809	PLOD1
Q02818	NUCB1
Q02878	RPL6
Q02880	TOP2B
Q02952	AKAP12
Q02978	SLC25A11
Q03001	DST
Q03111	MLLT1
Q03113	GNA12
Q03154	ACY1
Q03164	KMT2A
Q03169	TNFAIP2
Q03181	PPARD
Q03188	CENPC
Q03252	LMNB2
Q03405	PLAUR
Q03426	MVK
Q03518	TAP1
Q03519	TAP2
Q03701	CEBPZ
Q04206	RELA
Q04323	UBXN1
Q04446	GBE1
Q04637	EIF4G1
Q04656	ATP7A
Q04695	KRT17
Q04721	NOTCH2
Q04726	TLE3
Q04727	TLE4
Q04759	PRKCQ
Q04760	GLO1
Q04828	AKR1C1
Q04837	SSBP1
Q04864	REL
Q04900	CD164
Q04917	YWHAH
Q04941	PLP2
Q05048	CSTF1
Q05084	ICA1
Q05086	UBE3A
Q05209	PTPN12
Q05315	CLC
Q05397	PTK2
Q05513	PRKCZ
Q05519	SRSF11
Q05639	EEF1A2
Q05655	PRKCD
Q05682	CALD1
Q05823	RNASEL
Q05940	SLC18A2
Q05BQ5	MBTD1
Q05D32	CTDSPL2
Q06124	PTPN11
Q06136	KDSR
Q06187	BTK
Q06190	PPP2R3A
Q06203	PPAT
Q06210	GFPT1
Q06265	EXOSC9
Q06323	PSME1
Q06330	RBPJ
Q06481	APLP2
Q06546	GABPA
Q06547	GABPB1
Q06587	RING1
Q06787	FMR1
Q06830	PRDX1
Q07002	CDK18
Q07020	RPL18
Q07021	C1QBP
Q07065	CKAP4
Q07092	COL16A1
Q07108	CD69
Q07157	TJP1
Q07352	ZFP36L1
Q07617	SPAG1
Q07666	KHDRBS1
Q07812	BAX
Q07817	BCL2L1
Q07820	MCL1
Q07864	POLE
Q07866	KLC1
Q07889	SOS1
Q07890	SOS2
Q07954	LRP1
Q07955	SRSF1
Q07960	ARHGAP1
Q08170	SRSF4
Q08188	TGM3
Q08209	PPP3CA
Q08211	DHX9
Q08257	CRYZ
Q08378	GOLGA3
Q08379	GOLGA2
Q08380	LGALS3BP
Q08426	EHHADH
Q08431	MFGE8
Q08477	CYP4F3
Q08495	DMTN
Q08499	PDE4D
Q08554	DSC1
Q08623	PUDP
Q08722	CD47
Q08752	PPID
Q08945	SSRP1
Q08999	RBL2
Q08AD1	CAMSAP2
Q08AE8	SPIRE1
Q08AF3	SLFN5
Q08AM6	VAC14
Q08J23	NSUN2
Q09028	RBBP4
Q09161	NCBP1
Q09327	MGAT3
Q09328	MGAT5
Q09472	EP300
Q09666	AHNAK
Q0JRZ9	FCHO2
Q0P6H9	TMEM62
Q0VD83	APOBR
Q0VDF9	HSPA14
Q0VDG4	SCRN3
Q0VF96	CGNL1
Q0ZGT2	NEXN
Q10469	MGAT2
Q10471	GALNT2
Q10472	GALNT1
Q10567	AP1B1
Q10570	CPSF1
Q10588	BST1
Q10589	BST2
Q10713	PMPCA
Q11201	ST3GAL1
Q11206	ST3GAL4
Q12765	SCRN1
Q12767	TMEM94
Q12768	WASHC5
Q12769	NUP160
Q12772	SREBF2
Q12774	ARHGEF5
Q12788	TBL3
Q12789	GTF3C1
Q12791	KCNMA1
Q12792	TWF1
Q12797	ASPH
Q12800	TFCP2
Q12802	AKAP13
Q12809	KCNH2
Q12815	TROAP
Q12824	SMARCB1
Q12830	BPTF
Q12834	CDC20
Q12846	STX4
Q12849	GRSF1
Q12851	MAP4K2
Q12857	NFIA
Q12860	CNTN1
Q12872	SFSWAP
Q12873	CHD3
Q12874	SF3A3
Q12882	DPYD
Q12888	TP53BP1
Q12893	TMEM115
Q12899	TRIM26
Q12904	AIMP1
Q12905	ILF2
Q12906	ILF3
Q12907	LMAN2
Q12912	IRAG2
Q12913	PTPRJ
Q12929	EPS8
Q12931	TRAP1
Q12933	TRAF2
Q12959	DLG1
Q12965	MYO1E
Q12968	NFATC3
Q12972	PPP1R8
Q12974	PTP4A2
Q12979	ABR
Q12980	NPRL3
Q12982	BNIP2
Q12983	BNIP3
Q12986	NFX1
Q12996	CSTF3
Q13009	TIAM1
Q13011	ECH1
Q13033	STRN3
Q13042	CDC16
Q13043	STK4
Q13045	FLII
Q13049	TRIM32
Q13057	COASY
Q13061	TRDN
Q13075	NAIP
Q13084	MRPL28
Q13085	ACACA
Q13093	PLA2G7
Q13094	LCP2
Q13098	GPS1
Q13105	ZBTB17
Q13107	USP4
Q13111	CHAF1A
Q13112	CHAF1B
Q13113	PDZK1IP1
Q13114	TRAF3
Q13123	IK
Q13126	MTAP
Q13127	REST
Q13129	RLF
Q13131	PRKAA1
Q13136	PPFIA1
Q13137	CALCOCO2
Q13144	EIF2B5
Q13148	TARDBP
Q13151	HNRNPA0
Q13153	PAK1
Q13155	AIMP2
Q13158	FADD
Q13162	PRDX4
Q13163	MAP2K5
Q13164	MAPK7
Q13177	PAK2
Q13185	CBX3
Q13188	STK3
Q13190	STX5
Q13191	CBLB
Q13200	PSMD2
Q13201	MMRN1
Q13206	DDX10
Q13217	DNAJC3
Q13231	CHIT1
Q13232	NME3
Q13233	MAP3K1
Q13242	SRSF9
Q13243	SRSF5
Q13247	SRSF6
Q13257	MAD2L1
Q13261	IL15RA
Q13263	TRIM28
Q13277	STX3
Q13283	G3BP1
Q13286	CLN3
Q13287	NMI
Q13303	KCNAB2
Q13310	PABPC4
Q13315	ATM
Q13322	GRB10
Q13325	IFIT5
Q13347	EIF3I
Q13356	PPIL2
Q13362	PPP2R5C
Q13363	CTBP1
Q13367	AP3B2
Q13370	PDE3B
Q13371	PDCL
Q13393	PLD1
Q13395	TARBP1
Q13404	UBE2V1
Q13405	MRPL49
Q13409	DYNC1I2
Q13415	ORC1
Q13416	ORC2
Q13418	ILK
Q13422	IKZF1
Q13423	NNT
Q13426	XRCC4
Q13427	PPIG
Q13428	TCOF1
Q13433	SLC39A6
Q13435	SF3B2
Q13438	OS9
Q13439	GOLGA4
Q13442	PDAP1
Q13443	ADAM9
Q13444	ADAM15
Q13445	TMED1
Q13451	FKBP5
Q13459	MYO9B
Q13464	ROCK1
Q13469	NFATC2
Q13480	GAB1
Q13485	SMAD4
Q13488	TCIRG1
Q13489	BIRC3
Q13490	BIRC2
Q13492	PICALM
Q13496	MTM1
Q13501	SQSTM1
Q13503	MED21
Q13505	MTX1
Q13509	TUBB3
Q13510	ASAH1
Q13515	BFSP2
Q13522	PPP1R1A
Q13523	PRP4K
Q13526	PIN1
Q13530	SERINC3
Q13535	ATR
Q13541	EIF4EBP1
Q13542	EIF4EBP2
Q13546	RIPK1
Q13547	HDAC1
Q13555	CAMK2G
Q13557	CAMK2D
Q13561	DCTN2
Q13563	PKD2
Q13564	NAE1
Q13568	IRF5
Q13571	LAPTM5
Q13572	ITPK1
Q13573	SNW1
Q13574	DGKZ
Q13576	IQGAP2
Q13586	STIM1
Q13595	TRA2A
Q13596	SNX1
Q13601	KRR1
Q13608	PEX6
Q13610	PWP1
Q13613	MTMR1
Q13615	MTMR3
Q13616	CUL1
Q13617	CUL2
Q13618	CUL3
Q13619	CUL4A
Q13620	CUL4B
Q13625	TP53BP2
Q13627	DYRK1A
Q13630	GFUS
Q13636	RAB31
Q13637	RAB32
Q13642	FHL1
Q13643	FHL3
Q13651	IL10RA
Q13671	RIN1
Q13685	AAMP
Q13724	MOGS
Q13740	ALCAM
Q13769	THOC5
Q13772	NCOA4
Q13795	ARFRP1
Q13813	SPTAN1
Q13822	ENPP2
Q13823	GNL2
Q13825	AUH
Q13838	DDX39B
Q13867	BLMH
Q13868	EXOSC2
Q13884	SNTB1
Q13889	GTF2H3
Q13895	BYSL
Q13905	RAPGEF1
Q13907	IDI1
Q13948	CUX1
Q13951	CBFB
Q13952	NFYC
Q14004	CDK13
Q14005	IL16
Q14008	CKAP5
Q14011	CIRBP
Q14012	CAMK1
Q14019	COTL1
Q14050	COL9A3
Q14055	COL9A2
Q14061	COX17
Q14088	RAB33A
Q14103	HNRNPD
Q14108	SCARB2
Q14114	LRP8
Q14116	IL18
Q14118	DAG1
Q14119	VEZF1
Q14137	BOP1
Q14139	UBE4A
Q14141	SEPTIN6
Q14142	TRIM14
Q14146	URB2
Q14149	MORC3
Q14151	SAFB2
Q14152	EIF3A
Q14155	ARHGEF7
Q14156	EFR3A
Q14157	UBAP2L
Q14160	SCRIB
Q14161	GIT2
Q14162	SCARF1
Q14165	MLEC
Q14166	TTLL12
Q14181	POLA2
Q14185	DOCK1
Q14186	TFDP1
Q14191	WRN
Q14195	DPYSL3
Q14197	MRPL58
Q14202	ZMYM3
Q14203	DCTN1
Q14204	DYNC1H1
Q14207	NPAT
Q14232	EIF2B1
Q14240	EIF4A2
Q14241	ELOA
Q14242	SELPLG
Q14244	MAP7
Q14246	ADGRE1
Q14247	CTTN
Q14254	FLOT2
Q14257	RCN2
Q14258	TRIM25
Q14289	PTK2B
Q14314	FGL2
Q14315	FLNC
Q14318	FKBP8
Q14331	FRG1
Q14344	GNA13
Q14376	GALE
Q14392	LRRC32
Q14393	GAS6
Q14432	PDE3A
Q14435	GALNT3
Q14442	PIGH
Q14444	CAPRIN1
Q14457	BECN1
Q14498	RBM39
Q14511	NEDD9
Q14517	FAT1
Q14525	KRT33B
Q14527	HLTF
Q14534	SQLE
Q14554	PDIA5
Q14558	PRPSAP1
Q14562	DHX8
Q14566	MCM6
Q14571	ITPR2
Q14573	ITPR3
Q14596	NBR1
Q14624	ITIH4
Q14642	INPP5A
Q14643	ITPR1
Q14644	RASA3
Q14651	PLS1
Q14653	IRF3
Q14657	LAGE3
Q14667	BLTP2
Q14669	TRIP12
Q14671	PUM1
Q14676	MDC1
Q14677	CLINT1
Q14683	SMC1A
Q14684	RRP1B
Q14686	NCOA6
Q14689	DIP2A
Q14690	PDCD11
Q14692	BMS1
Q14693	LPIN1
Q14694	USP10
Q14696	MESD
Q14697	GANAB
Q14699	RFTN1
Q14722	KCNAB1
Q14728	MFSD10
Q14738	PPP2R5D
Q14739	LBR
Q14746	COG2
Q14764	MVP
Q14766	LTBP1
Q14774	HLX
Q14789	GOLGB1
Q14790	CASP8
Q147X3	NAA30
Q14807	KIF22
Q14814	MEF2D
Q14839	CHD4
Q14847	LASP1
Q14849	STARD3
Q14865	ARID5B
Q14894	CRYM
Q14914	PTGR1
Q14934	NFATC4
Q14938	NFIX
Q14956	GPNMB
Q14964	RAB39A
Q14966	ZNF638
Q14974	KPNB1
Q14978	NOLC1
Q14980	NUMA1
Q14997	PSME4
Q14BN4	SLMAP
Q14C86	GAPVD1
Q14CM0	FRMPD4
Q14CS0	UBXN2B
Q14CX7	NAA25
Q14CZ7	FASTKD3
Q15003	NCAPH
Q15004	PCLAF
Q15005	SPCS2
Q15006	EMC2
Q15007	WTAP
Q15008	PSMD6
Q15014	MORF4L2
Q15018	ABRAXAS2
Q15019	SEPTIN2
Q15020	SART3
Q15021	NCAPD2
Q15022	SUZ12
Q15024	EXOSC7
Q15025	TNIP1
Q15027	ACAP1
Q15029	EFTUD2
Q15031	LARS2
Q15036	SNX17
Q15042	RAB3GAP1
Q15046	KARS1
Q15047	SETDB1
Q15048	LRRC14
Q15049	MLC1
Q15050	RRS1
Q15052	ARHGEF6
Q15054	POLD3
Q15056	EIF4H
Q15057	ACAP2
Q15059	BRD3
Q15061	WDR43
Q15063	POSTN
Q15067	ACOX1
Q15070	OXA1L
Q15075	EEA1
Q15080	NCF4
Q15084	PDIA6
Q15102	PAFAH1B3
Q15111	PLCL1
Q15118	PDK1
Q15119	PDK2
Q15120	PDK3
Q15121	PEA15
Q15124	PGM5
Q15125	EBP
Q15126	PMVK
Q15149	PLEC
Q15154	PCM1
Q15155	NOMO1
Q15165	PON2
Q15170	TCEAL1
Q15172	PPP2R5A
Q15181	PPA1
Q15185	PTGES3
Q15208	STK38
Q15223	NECTIN1
Q15233	NONO
Q15257	PTPA
Q15269	PWP2
Q15274	QPRT
Q15276	RABEP1
Q15283	RASA2
Q15286	RAB35
Q15287	RNPS1
Q15291	RBBP5
Q15293	RCN1
Q15311	RALBP1
Q15323	KRT31
Q15326	ZMYND11
Q15345	LRRC41
Q15349	RPS6KA2
Q15363	TMED2
Q15365	PCBP1
Q15366	PCBP2
Q15369	ELOC
Q15370	ELOB
Q15382	RHEB
Q15386	UBE3C
Q15388	TOMM20
Q15389	ANGPT1
Q15390	MTFR1
Q15392	DHCR24
Q15393	SF3B3
Q15397	PUM3
Q15398	DLGAP5
Q15399	TLR1
Q15404	RSU1
Q15418	RPS6KA1
Q15424	SAFB
Q15427	SF3B4
Q15428	SF3A2
Q15435	PPP1R7
Q15436	SEC23A
Q15437	SEC23B
Q15438	CYTH1
Q15459	SF3A1
Q15477	SKIC2
Q15526	SURF1
Q15528	MED22
Q15532	SS18
Q15542	TAF5
Q15544	TAF11
Q15545	TAF7
Q15554	TERF2
Q15555	MAPRE2
Q15582	TGFBI
Q15596	NCOA2
Q155Q3	DIXDC1
Q15628	TRADD
Q15629	TRAM1
Q15631	TSN
Q15633	TARBP2
Q15637	SF1
Q15642	TRIP10
Q15643	TRIP11
Q15645	TRIP13
Q15646	OASL
Q15648	MED1
Q15650	TRIP4
Q15651	HMGN3
Q15652	JMJD1C
Q15653	NFKBIB
Q15654	TRIP6
Q15669	RHOH
Q15691	MAPRE1
Q15714	TSC22D1
Q15717	ELAVL1
Q15723	ELF2
Q15738	NSDHL
Q15746	MYLK
Q15750	TAB1
Q15751	HERC1
Q15758	SLC1A5
Q15762	CD226
Q15785	TOMM34
Q15788	NCOA1
Q15796	SMAD2
Q15811	ITSN1
Q15813	TBCE
Q15814	TBCC
Q15819	UBE2V2
Q15831	STK11
Q15833	STXBP2
Q15836	VAMP3
Q15843	NEDD8
Q15853	USF2
Q15904	ATP6AP1
Q15907	RAB11B
Q15910	EZH2
Q15942	ZYX
Q16134	ETFDH
Q16181	SEPTIN7
Q16186	ADRM1
Q16204	CCDC6
Q16222	UAP1
Q16254	E2F4
Q16270	IGFBP7
Q16352	INA
Q16401	PSMD5
Q16512	PKN1
Q16513	PKN2
Q16531	DDB1
Q16537	PPP2R5E
Q16539	MAPK14
Q16540	MRPL23
Q16543	CDC37
Q16549	PCSK7
Q16555	DPYSL2
Q16563	SYPL1
Q16576	RBBP7
Q16581	C3AR1
Q16595	FXN
Q16610	ECM1
Q16611	BAK1
Q16619	CTF1
Q16621	NFE2
Q16629	SRSF7
Q16630	CPSF6
Q16637	SMN1
Q16637	SMN2
Q16643	DBN1
Q16644	MAPKAPK3
Q16658	FSCN1
Q16666	IFI16
Q16678	CYP1B1
Q16698	DECR1
Q16706	MAN2A1
Q16718	NDUFA5
Q16719	KYNU
Q16740	CLPP
Q16762	TST
Q16763	UBE2S
Q16769	QPCT
Q16773	KYAT1
Q16774	GUK1
Q16775	HAGH
Q16795	NDUFA9
Q16798	ME3
Q16799	RTN1
Q16822	PCK2
Q16827	PTPRO
Q16831	UPP1
Q16836	HADH
Q16850	CYP51A1
Q16851	UGP2
Q16853	AOC3
Q16854	DGUOK
Q16864	ATP6V1F
Q16873	LTC4S
Q16875	PFKFB3
Q16877	PFKFB4
Q16881	TXNRD1
Q16891	IMMT
Q17R31	TATDN3
Q17RN3	FAM98C
Q1ED39	KNOP1
Q1KMD3	HNRNPUL2
Q27J81	INF2
Q29RF7	PDS5A
Q2KHT3	CLEC16A
Q2LD37	BLTP1
Q2M1Z3	ARHGAP31
Q2M2I8	AAK1
Q2M385	MPEG1
Q2M389	WASHC4
Q2M3D2	EXOC3L2
Q2NKX8	ERCC6L
Q2NL82	TSR1
Q2NL98	VMAC
Q2PPJ7	RALGAPA2
Q2PZI1	DPY19L1
Q2T9J0	TYSND1
Q2TAA2	IAH1
Q2TAA5	ALG11
Q2TAC2	CCDC57
Q2TAL8	QRICH1
Q2TAY7	SMU1
Q2TAZ0	ATG2A
Q2TB10	ZNF800
Q2TB90	HKDC1
Q2TBE0	CWF19L2
Q2VPB7	AP5B1
Q2VPK5	CTU2
Q30154	HLA-DRB5
Q30201	HFE
Q32M88	PGGHG
Q32MZ4	LRRFIP1
Q32NB8	PGS1
Q32NC0	C18orf21
Q32P28	P3H1
Q32P41	TRMT5
Q32P44	EML3
Q330K2	NDUFAF6
Q38SD2	LRRK1
Q3B726	POLR1F
Q3KQU3	MAP7D1
Q3KQV9	UAP1L1
Q3KQZ1	SLC25A35
Q3KRA6	C2orf76
Q3LXA3	TKFC
Q3MHD2	LSM12
Q3MIT2	PUS10
Q3MIX3	ADCK5
Q3SXM5	HSDL1
Q3T8J9	GON4L
Q3T906	GNPTAB
Q3V6T2	CCDC88A
Q3YBM2	TMEM176B
Q3YEC7	RABL6
Q3ZAQ7	VMA21
Q3ZCQ8	TIMM50
Q3ZCW2	LGALSL
Q460N5	PARP14
Q495B1	ANKDD1A
Q495W5	FUT11
Q495X7	TRIM60
Q49A26	GLYR1
Q49AR2	C5orf22
Q4ADV7	RIC1
Q4AE62	GTDC1
Q4G0F5	VPS26B
Q4G0I0	UQCC4
Q4G0J3	LARP7
Q4G0N0	GGTA1
Q4G0N4	NADK2
Q4G0X4	KCTD21
Q4G148	GXYLT1
Q4G176	ACSF3
Q4KMP7	TBC1D10B
Q4KMQ2	ANO6
Q4L180	FILIP1L
Q4LE39	ARID4B
Q4V328	GRIPAP1
Q4VC31	MIX23
Q4VX76	SYTL3
Q4ZIN3	TMEM259
Q504Q3	PAN2
Q52LJ0	FAM98B
Q53EL6	PDCD4
Q53EP0	FNDC3B
Q53ET0	CRTC2
Q53EU6	GPAT3
Q53EZ4	CEP55
Q53F19	NCBP3
Q53FA7	TP53I3
Q53FT3	HIKESHI
Q53FV1	ORMDL2
Q53FZ2	ACSM3
Q53GL0	PLEKHO1
Q53GL7	PARP10
Q53GQ0	HSD17B12
Q53GS7	GLE1
Q53GS9	USP39
Q53H12	AGK
Q53H47	SETMAR
Q53H76	PLA1A
Q53H82	LACTB2
Q53H96	PYCR3
Q53HC9	EIPR1
Q53HV7	SMUG1
Q53LP3	SOWAHC
Q53QV2	LBH
Q53QZ3	ARHGAP15
Q53SF7	COBLL1
Q53T59	HS1BP3
Q53TN4	CYBRD1
Q53TQ3	INO80D
Q562E7	WDR81
Q562R1	ACTBL2
Q567U6	CCDC93
Q56NI9	ESCO2
Q56P03	EAPP
Q56P42	PYDC2
Q58A45	PAN3
Q58EX2	SDK2
Q58FF8	HSP90AB2P
Q58FG0	HSP90AA5P
Q58FG1	HSP90AA4P
Q58WW2	DCAF6
Q5BJD5	TMEM41B
Q5BJF2	TMEM97
Q5BJF6	ODF2
Q5BJH2	TMEM128
Q5BJH7	YIF1B
Q5BKZ1	ZNF326
Q5C9Z4	NOM1
Q5D862	FLG2
Q5EB52	MEST
Q5EBL4	RILPL1
Q5EBM0	CMPK2
Q5EG05	CARD16
Q5F1R6	DNAJC21
Q5FWF5	ESCO1
Q5GLZ8	HERC4
Q5H8A4	PIGG
Q5H9R7	PPP6R3
Q5H9U9	DDX60L
Q5HYI8	RABL3
Q5HYJ3	FAM76B
Q5HYK3	COQ5
Q5HYW2	NHSL2
Q5I7T1	ALG10B
Q5J8M3	EMC4
Q5JPH6	EARS2
Q5JPI3	C3orf38
Q5JQS6	GCSAML
Q5JRA6	MIA3
Q5JRX3	PITRM1
Q5JS37	NHLRC3
Q5JSH3	WDR44
Q5JSL3	DOCK11
Q5JSP0	FGD3
Q5JSZ5	PRRC2B
Q5JTD0	TJAP1
Q5JTH9	RRP12
Q5JTJ3	COA6
Q5JTV8	TOR1AIP1
Q5JTZ9	AARS2
Q5JU69	TOR2A
Q5JU85	IQSEC2
Q5JVF3	PCID2
Q5JXA9	SIRPB2
Q5JXB2	UBE2NL
Q5K4L6	SLC27A3
Q5K651	SAMD9
Q5KU26	COLEC12
Q5M775	SPECC1
Q5M7Z0	RNFT1
Q5M8T2	SLC35D3
Q5MIZ7	PPP4R3B
Q5MNZ6	WDR45B
Q5MNZ9	WIPI1
Q5NDL2	EOGT
Q5PRF9	SAMD4B
Q5QJ74	TBCEL
Q5QJE6	DNTTIP2
Q5R372	RABGAP1L
Q5R3I4	TTC38
Q5RKV6	EXOSC6
Q5S007	LRRK2
Q5SGD2	PPM1L
Q5SNT2	TMEM201
Q5SNV9	C1orf167
Q5SQ64	LY6G6F
Q5SQS7	SH2D4B
Q5SR56	MFSD14B
Q5SRE5	NUP188
Q5SRE7	PHYHD1
Q5SSJ5	HP1BP3
Q5ST30	VARS2
Q5SVS4	SLC25A30
Q5SW79	CEP170
Q5SW96	LDLRAP1
Q5SWX8	ODR4
Q5SY16	NOL9
Q5T011	SZT2
Q5T013	HYI
Q5T0B9	ZNF362
Q5T0D9	TPRG1L
Q5T0F9	CC2D1B
Q5T0N5	FNBP1L
Q5T0Z8	C6orf132
Q5T124	UBXN11
Q5T160	RARS2
Q5T1M5	FKBP15
Q5T1V6	DDX59
Q5T200	ZC3H13
Q5T280	SPOUT1
Q5T292	TMEM273
Q5T2E6	ARMH3
Q5T2R2	PDSS1
Q5T2T1	MPP7
Q5T3F8	TMEM63B
Q5T3I0	GPATCH4
Q5T3J3	LRIF1
Q5T3U5	ABCC10
Q5T447	HECTD3
Q5T4S7	UBR4
Q5T5C0	STXBP5
Q5T5U3	ARHGAP21
Q5T5Y3	CAMSAP1
Q5T653	MRPL2
Q5T6F2	UBAP2
Q5T6V5	QNG1
Q5T749	KPRP
Q5T7V8	GORAB
Q5T870	PRR9
Q5T8D3	ACBD5
Q5T8I3	EEIG2
Q5T8P6	RBM26
Q5T9A4	ATAD3B
Q5T9L3	WLS
Q5T9S5	CCDC18
Q5TA45	INTS11
Q5TA50	CPTP
Q5TAX3	TUT4
Q5TBA9	FRY
Q5TBB1	RNASEH2B
Q5TC12	ATPAF1
Q5TC82	RC3H1
Q5TC84	OGFRL1
Q5TCZ1	SH3PXD2A
Q5TDH0	DDI2
Q5TEC6	H3-7
Q5TEJ8	THEMIS2
Q5TFE4	NT5DC1
Q5TFQ8	SIRPB1
Q5TGY1	TMCO4
Q5TGZ0	MICOS10
Q5THJ4	VPS13D
Q5THK1	PRR14L
Q5TKA1	LIN9
Q5TZA2	CROCC
Q5U3C3	TMEM164
Q5U5X0	LYRM7
Q5UAW9	GPR157
Q5UCC4	EMC10
Q5UE93	PIK3R6
Q5UIP0	RIF1
Q5VIR6	VPS53
Q5VSL9	STRIP1
Q5VST6	ABHD17B
Q5VT06	CEP350
Q5VT25	CDC42BPA
Q5VT52	RPRD2
Q5VT66	MTARC1
Q5VTB9	RNF220
Q5VTD9	GFI1B
Q5VTE6	ANGEL2
Q5VTH9	DNAI4
Q5VTL8	PRPF38B
Q5VTQ0	TTC39B
Q5VTR2	RNF20
Q5VU43	PDE4DIP
Q5VU65	NUP210L
Q5VU97	CACHD1
Q5VUA4	ZNF318
Q5VUM1	SDHAF4
Q5VV42	CDKAL1
Q5VV67	PPRC1
Q5VVJ2	MYSM1
Q5VVQ6	YOD1
Q5VW32	BROX
Q5VW36	FOCAD
Q5VW38	GPR107
Q5VWC8	HACD4
Q5VWJ9	SNX30
Q5VWN6	TASOR2
Q5VWQ0	RSBN1
Q5VWQ8	DAB2IP
Q5VWZ2	LYPLAL1
Q5VY43	PEAR1
Q5VYK3	ECPAS
Q5VYS8	TUT7
Q5VZ89	DENND4C
Q5VZE5	NAA35
Q5VZK9	CARMIL1
Q5VZL5	ZMYM4
Q5VZM2	RRAGB
Q5W0B1	OBI1
Q5W0V3	FHIP2A
Q5W0Z9	ZDHHC20
Q5W111	SPRYD7
Q5XKE5	KRT79
Q5XKP0	MICOS13
Q5XPI4	RNF123
Q5XUX1	FBXW9
Q5ZPR3	CD276
Q63HM1	AFMID
Q63HN8	RNF213
Q63ZY3	KANK2
Q641Q2	WASHC2A
Q641Q3	METRNL
Q658P3	STEAP3
Q658Y4	FAM91A1
Q659C4	LARP1B
Q66GS9	CEP135
Q66K14	TBC1D9B
Q66K74	MAP1S
Q66LE6	PPP2R2D
Q66PJ3	ARL6IP4
Q676U5	ATG16L1
Q684P5	RAP1GAP2
Q687X5	STEAP4
Q68CP4	HGSNAT
Q68CP9	ARID2
Q68CQ4	UTP25
Q68CQ7	GLT8D1
Q68CZ2	TNS3
Q68CZ6	HAUS3
Q68D06	SLFN13
Q68D10	SPTY2D1
Q68D91	MBLAC2
Q68DE3	USF3
Q68DH5	LMBRD2
Q68DK2	ZFYVE26
Q68DK7	MSL1
Q68DQ2	CRYBG3
Q68E01	INTS3
Q68EM7	ARHGAP17
Q69YH5	CDCA2
Q69YN2	CWF19L1
Q69YN4	VIRMA
Q69YQ0	SPECC1L
Q6AI08	HEATR6
Q6AZY7	SCARA3
Q6BCY4	CYB5R2
Q6BDS2	BLTP3A
Q6DD87	ZNF787
Q6DD88	ATL3
Q6DHV7	ADAL
Q6DKI1	RPL7L1
Q6DKK2	TTC19
Q6DN12	MCTP2
Q6DN90	IQSEC1
Q6EEV4	POLR2M
Q6FHJ7	SFRP4
Q6FI81	CIAPIN1
Q6FIF0	ZFAND6
Q6GMV2	SMYD5
Q6GMV3	PTRHD1
Q6GQQ9	OTUD7B
Q6GTX8	LAIR1
Q6GYQ0	RALGAPA1
Q6I9Y2	THOC7
Q6IA17	SIGIRR
Q6IA69	NADSYN1
Q6IA86	ELP2
Q6IAA8	LAMTOR1
Q6IAN0	DHRS7B
Q6IBS0	TWF2
Q6IC98	GRAMD4
Q6ICG6	KIAA0930
Q6ICL3	TANGO2
Q6IN85	PPP4R3A
Q6IPR1	ETFRF1
Q6IPR3	TYW3
Q6IQ22	RAB12
Q6IQ26	DENND5A
Q6IQ32	ADNP2
Q6IQ49	SDE2
Q6J4K2	SLC8B1
Q6JBY9	RCSD1
Q6JQN1	ACAD10
Q6K0P9	PYHIN1
Q6KC79	NIPBL
Q6KCM7	SLC25A25
Q6L8Q7	PDE12
Q6MZP7	LIN54
Q6N043	ZNF280D
Q6N063	OGFOD2
Q6N069	NAA16
Q6N075	MFSD5
Q6NT16	SLC18B1
Q6NT46	GAGE2A
Q6NUK1	SLC25A24
Q6NUK4	REEP3
Q6NUM9	RETSAT
Q6NUQ1	RINT1
Q6NUQ4	TMEM214
Q6NUT3	MFSD12
Q6NVY1	HIBCH
Q6NXE6	ARMC6
Q6NXP0	EFCAB12
Q6NXR4	TTI2
Q6NXS1	PPP1R2B
Q6NXT1	ANKRD54
Q6NXT4	SLC30A6
Q6NXT6	TAPT1
Q6NYC1	JMJD6
Q6NYC8	PPP1R18
Q6NZI2	CAVIN1
Q6NZY4	ZCCHC8
Q6P0Q8	MAST2
Q6P158	DHX57
Q6P161	MRPL54
Q6P179	ERAP2
Q6P1A2	LPCAT3
Q6P1J9	CDC73
Q6P1L8	MRPL14
Q6P1M0	SLC27A4
Q6P1N0	CC2D1A
Q6P1N9	TATDN1
Q6P1Q0	LETMD1
Q6P1Q9	METTL2B
Q6P1R4	DUS1L
Q6P1X5	TAF2
Q6P1X6	C8orf82
Q6P2C8	MED27
Q6P2E9	EDC4
Q6P2H3	CEP85
Q6P2H8	TMEM53
Q6P2P2	PRMT9
Q6P2Q9	PRPF8
Q6P3S1	DENND1B
Q6P3S6	FBXO42
Q6P3W7	SCYL2
Q6P3X3	TTC27
Q6P4A7	SFXN4
Q6P4A8	PLBD1
Q6P4E1	GOLM2
Q6P4Q7	CNNM4
Q6P4R8	NFRKB
Q6P589	TNFAIP8L2
Q6P5X5	C22orf39
Q6P6B7	ANKRD16
Q6P6C2	ALKBH5
Q6P996	PDXDC1
Q6P9B6	MEAK7
Q6P9G4	TMEM154
Q6PCB5	RSBN1L
Q6PCB7	SLC27A1
Q6PCE3	PGM2L1
Q6PCT2	FBXL19
Q6PD62	CTR9
Q6PD74	AAGAB
Q6PFW1	PPIP5K1
Q6PGN9	PSRC1
Q6PGP7	SKIC3
Q6PHR2	ULK3
Q6PI26	SHQ1
Q6PI47	KCTD18
Q6PI48	DARS2
Q6PI73	LILRA6
Q6PI78	TMEM65
Q6PID6	TTC33
Q6PID8	KLHDC10
Q6PIU2	NCEH1
Q6PIY7	TENT2
Q6PJ69	TRIM65
Q6PJF5	RHBDF2
Q6PJG2	MIDEAS
Q6PJG6	BRAT1
Q6PJI9	WDR59
Q6PJT7	ZC3H14
Q6PJW8	CNST
Q6PK18	OGFOD3
Q6PKC3	TXNDC11
Q6PKG0	LARP1
Q6PL18	ATAD2
Q6PL24	TMED8
Q6PML9	SLC30A9
Q6Q0C0	TRAF7
Q6Q759	SPAG17
Q6QHF9	PAOX
Q6QNY0	BLOC1S3
Q6QNY1	BLOC1S2
Q6R327	RICTOR
Q6RFH5	WDR74
Q6RW13	AGTRAP
Q6SPF0	SAMD1
Q6SZW1	SARM1
Q6UB35	MTHFD1L
Q6UB98	ANKRD12
Q6ULP2	AFTPH
Q6UN15	FIP1L1
Q6UUV7	CRTC3
Q6UVK1	CSPG4
Q6UW02	CYP20A1
Q6UW63	POGLUT2
Q6UW68	TMEM205
Q6UWD8	C16orf54
Q6UWE0	LRSAM1
Q6UWJ1	TMCO3
Q6UWL2	SUSD1
Q6UWP2	DHRS11
Q6UWP7	LCLAT1
Q6UWU4	C6orf89
Q6UWZ7	ABRAXAS1
Q6UX04	CWC27
Q6UX06	OLFM4
Q6UX07	DHRS13
Q6UX27	VSTM1
Q6UX53	TMT1B
Q6UX65	DRAM2
Q6UX71	PLXDC2
Q6UX98	ZDHHC24
Q6UXD7	SLC49A3
Q6UXH1	CRELD2
Q6UXN9	WDR82
Q6UXT9	ABHD15
Q6UXV4	APOOL
Q6UY14	ADAMTSL4
Q6V1X1	DPP8
Q6VMQ6	ATF7IP
Q6VY07	PACS1
Q6W2J9	BCOR
Q6WCQ1	MPRIP
Q6WKZ4	RAB11FIP1
Q6XQN6	NAPRT
Q6XUX3	DSTYK
Q6XZF7	DNMBP
Q6Y288	B3GLCT
Q6Y7W6	GIGYF2
Q6YHK3	CD109
Q6YHU6	THADA
Q6YN16	HSDL2
Q6YP21	KYAT3
Q6ZMD2	SPNS3
Q6ZMG9	CERS6
Q6ZMI0	PPP1R21
Q6ZMZ3	SYNE3
Q6ZN28	MACC1
Q6ZN54	DEF8
Q6ZNA5	FRRS1
Q6ZNB6	NFXL1
Q6ZNC8	MBOAT1
Q6ZNE5	ATG14
Q6ZNJ1	NBEAL2
Q6ZNL6	FGD5
Q6ZNW5	GDPGP1
Q6ZP82	CCDC141
Q6ZQN7	SLCO4C1
Q6ZQQ6	WDR87
Q6ZRI6	C15orf39
Q6ZRP7	QSOX2
Q6ZRQ5	MMS22L
Q6ZRS2	SRCAP
Q6ZRY4	RBPMS2
Q6ZS11	RINL
Q6ZS17	RIPOR1
Q6ZS30	NBEAL1
Q6ZS72	PEAK3
Q6ZS81	WDFY4
Q6ZSS7	MFSD6
Q6ZSZ5	ARHGEF18
Q6ZSZ6	TSHZ1
Q6ZT12	UBR3
Q6ZT21	TMPPE
Q6ZTN6	ANKRD13D
Q6ZU35	CRACD
Q6ZU65	UBN2
Q6ZU69	SPATA31F1
Q6ZU80	CEP128
Q6ZUJ8	PIK3AP1
Q6ZUM4	ARHGAP27
Q6ZUT6	CCDC9B
Q6ZUV0	ACOT7L
Q6ZUX3	TOGARAM2
Q6ZUX7	LHFPL2
Q6ZV29	PNPLA7
Q6ZV73	FGD6
Q6ZVF9	GPRIN3
Q6ZVK8	NUDT18
Q6ZVM7	TOM1L2
Q6ZVT6	CFAP20DC
Q6ZW13	C16orf86
Q6ZW49	PAXIP1
Q6ZWK4	RHEX
Q6ZWL3	CYP4V2
Q6ZWT7	MBOAT2
Q6ZXV5	TMTC3
Q702N8	XIRP1
Q709C8	VPS13C
Q70CQ2	USP34
Q70CQ3	USP30
Q70J99	UNC13D
Q70UQ0	IKBIP
Q71F23	CENPU
Q71RC2	LARP4
Q71RG4	TMUB2
Q71SY5	MED25
Q71U36	TUBA1A
Q71UM5	RPS27L
Q75N03	CBLL1
Q75QN2	INTS8
Q76FK4	NOL8
Q76I76	SSH2
Q7KYR7	BTN2A1
Q7KZ85	SUPT6H
Q7KZF4	SND1
Q7KZI7	MARK2
Q7KZN9	COX15
Q7L014	DDX46
Q7L099	RUFY3
Q7L0Y3	TRMT10C
Q7L190	DPPA4
Q7L1Q6	BZW1
Q7L1T6	CYB5R4
Q7L1V2	MON1B
Q7L1W4	LRRC8D
Q7L266	ASRGL1
Q7L273	KCTD9
Q7L2E3	DHX30
Q7L2H7	EIF3M
Q7L2J0	MEPCE
Q7L311	ARMCX2
Q7L3B6	CDC37L1
Q7L3T8	PARS2
Q7L4E1	MIGA2
Q7L4I2	RSRC2
Q7L523	RRAGA
Q7L576	CYFIP1
Q7L591	DOK3
Q7L592	NDUFAF7
Q7L5D6	GET4
Q7L5N1	COPS6
Q7L5N7	LPCAT2
Q7L5Y1	ENOSF1
Q7L5Y9	MAEA
Q7L622	G2E3
Q7L7V1	DHX32
Q7L7X3	TAOK1
Q7L8J4	SH3BP5L
Q7L8L6	FASTKD5
Q7L9B9	EEPD1
Q7LBC6	KDM3B
Q7LDG7	RASGRP2
Q7LG56	RRM2B
Q7LGA3	HS2ST1
Q7RTN6	STRADA
Q7RTP0	NIPA1
Q7RTP6	MICAL3
Q7RTR2	NLRC3
Q7RTS9	DYM
Q7RTV0	PHF5A
Q7Z2E3	APTX
Q7Z2H8	SLC36A1
Q7Z2K6	ERMP1
Q7Z2T5	TRMT1L
Q7Z2W4	ZC3HAV1
Q7Z2W9	MRPL21
Q7Z2X4	PID1
Q7Z2Z2	EFL1
Q7Z333	SETX
Q7Z392	TRAPPC11
Q7Z3B4	NUP54
Q7Z3C6	ATG9A
Q7Z3D6	DGLUCY
Q7Z3E2	CCDC186
Q7Z3J2	VPS35L
Q7Z3K3	POGZ
Q7Z3Q1	SLC46A3
Q7Z3T8	ZFYVE16
Q7Z3U7	MON2
Q7Z3V4	UBE3B
Q7Z3Y8	KRT27
Q7Z401	DENND4A
Q7Z403	TMC6
Q7Z406	MYH14
Q7Z417	NUFIP2
Q7Z419	RNF144B
Q7Z422	SZRD1
Q7Z434	MAVS
Q7Z460	CLASP1
Q7Z465	BNIPL
Q7Z478	DHX29
Q7Z4F1	LRP10
Q7Z4H3	HDDC2
Q7Z4H7	HAUS6
Q7Z4H8	POGLUT3
Q7Z4Q2	HEATR3
Q7Z4R8	C6orf120
Q7Z4S6	KIF21A
Q7Z4V5	HDGFL2
Q7Z4W1	DCXR
Q7Z569	BRAP
Q7Z589	EMSY
Q7Z591	AKNA
Q7Z5G4	GOLGA7
Q7Z5J4	RAI1
Q7Z5K2	WAPL
Q7Z5L2	R3HCC1L
Q7Z5L9	IRF2BP2
Q7Z5R6	APBB1IP
Q7Z614	SNX20
Q7Z6B0	CCDC91
Q7Z6E9	RBBP6
Q7Z6I6	ARHGAP30
Q7Z6J4	FGD2
Q7Z6K3	PTAR1
Q7Z6K5	ARPIN
Q7Z6L1	TECPR1
Q7Z6M1	RABEPK
Q7Z6M3	MILR1
Q7Z6M4	MTERF4
Q7Z6P3	RAB44
Q7Z6Z7	HUWE1
Q7Z739	YTHDF3
Q7Z794	KRT77
Q7Z7A1	CNTRL
Q7Z7A3	CTU1
Q7Z7A4	PXK
Q7Z7B0	FILIP1
Q7Z7C8	TAF8
Q7Z7E8	UBE2Q1
Q7Z7F0	KHDC4
Q7Z7G8	VPS13B
Q7Z7H5	TMED4
Q7Z7H8	MRPL10
Q7Z7K0	CMC1
Q7Z7K6	CENPV
Q7Z7L1	SLFN11
Q7Z7L7	ZER1
Q7Z7N9	TMEM179B
Q86SE9	PCGF5
Q86SF2	GALNT7
Q86SQ7	SDCCAG8
Q86SQ9	DHDDS
Q86SX6	GLRX5
Q86SZ2	TRAPPC6B
Q86T03	PIP4P1
Q86T24	ZBTB33
Q86TB9	PATL1
Q86TI0	TBC1D1
Q86TI2	DPP9
Q86TJ2	TADA2B
Q86TM6	SYVN1
Q86TP1	PRUNE1
Q86TU7	SETD3
Q86TV6	TTC7B
Q86TW2	ADCK1
Q86TX2	ACOT1
Q86U06	RBM23
Q86U28	ISCA2
Q86U38	NOP9
Q86U42	PABPN1
Q86U44	METTL3
Q86U86	PBRM1
Q86U90	YRDC
Q86UA1	PRPF39
Q86UB9	TMEM135
Q86UE4	MTDH
Q86UE8	TLK2
Q86UF1	TSPAN33
Q86UK7	ZNF598
Q86UL3	GPAT4
Q86UP2	KTN1
Q86UR1	NOXA1
Q86US8	SMG6
Q86UT6	NLRX1
Q86UU1	PHLDB1
Q86UV5	USP48
Q86UW6	N4BP2
Q86UW9	DTX2
Q86UX6	STK32C
Q86UX7	FERMT3
Q86UY8	NT5DC3
Q86V21	AACS
Q86V42	FAM124A
Q86V48	LUZP1
Q86V81	ALYREF
Q86V85	GPR180
Q86V88	MDP1
Q86VB7	CD163
Q86VE0	MYPOP
Q86VM9	ZC3H18
Q86VN1	VPS36
Q86VP1	TAX1BP1
Q86VP3	PACS2
Q86VP6	CAND1
Q86VR2	RETREG3
Q86VS8	HOOK3
Q86VU5	COMTD1
Q86VX2	COMMD7
Q86VZ1	P2RY8
Q86W42	THOC6
Q86W50	METTL16
Q86W67	FAM228A
Q86W92	PPFIBP1
Q86WA6	BPHL
Q86WA9	SLC26A11
Q86WB0	ZC3HC1
Q86WG5	SBF2
Q86WH2	RASSF3
Q86WI1	PKHD1L1
Q86WJ1	CHD1L
Q86WK9	PAQR7
Q86WN1	FCHSD1
Q86WP2	GPBP1
Q86WQ0	NR2C2AP
Q86WR0	CCDC25
Q86WR7	PROSER2
Q86WT6	TRIM69
Q86WU2	LDHD
Q86WV1	SKAP1
Q86WV6	STING1
Q86WW8	COA5
Q86X02	CDR2L
Q86X10	RALGAPB
Q86X52	CHSY1
Q86X53	ERICH1
Q86X55	CARM1
Q86X76	NIT1
Q86X83	COMMD2
Q86X95	CIR1
Q86XA9	HEATR5A
Q86XI2	NCAPG2
Q86XI6	PPP1R3B
Q86XL3	ANKLE2
Q86XP3	DDX42
Q86XS8	RNF130
Q86Y07	VRK2
Q86Y22	COL23A1
Q86Y34	ADGRG3
Q86Y37	CACUL1
Q86Y39	NDUFA11
Q86Y56	DNAAF5
Q86Y79	PTRH1
Q86Y82	STX12
Q86Y91	KIF18B
Q86YB8	ERO1B
Q86YH6	PDSS2
Q86YN1	DOLPP1
Q86YP4	GATAD2A
Q86YQ8	CPNE8
Q86YR7	MCF2L2
Q86YS3	RAB11FIP4
Q86YS6	RAB43
Q86YS7	C2CD5
Q86YT6	MIB1
Q86YT9	JAML
Q86YV0	RASAL3
Q86YV5	PRAG1
Q86YV9	HPS6
Q86YW5	TREML1
Q86YZ3	HRNR
Q8IU60	DCP2
Q8IU68	TMC8
Q8IU81	IRF2BP1
Q8IU85	CAMK1D
Q8IUD2	ERC1
Q8IUD6	RNF135
Q8IUE6	H2AC21
Q8IUF8	RIOX2
Q8IUH3	RBM45
Q8IUH5	ZDHHC17
Q8IUI8	CRLF3
Q8IUL8	CILP2
Q8IUR0	TRAPPC5
Q8IUR6	CREBRF
Q8IUR7	ARMC8
Q8IUW5	RELL1
Q8IUX1	TMEM126B
Q8IUZ5	PHYKPL
Q8IV04	TBC1D10C
Q8IV08	PLD3
Q8IV20	LACC1
Q8IV38	ANKMY2
Q8IV48	ERI1
Q8IV50	LYSMD2
Q8IV53	DENND1C
Q8IV61	RASGRP3
Q8IVB4	SLC9A9
Q8IVB5	LIX1L
Q8IVD9	NUDCD3
Q8IVF2	AHNAK2
Q8IVF6	ANKRD18A
Q8IVG5	SAMD9L
Q8IVH4	MMAA
Q8IVH8	MAP4K3
Q8IVP5	FUNDC1
Q8IVQ6	ZDHHC21
Q8IVS2	MCAT
Q8IVT5	KSR1
Q8IW19	APLF
Q8IW35	CEP97
Q8IW45	NAXD
Q8IWA0	WDR75
Q8IWA4	MFN1
Q8IWA5	SLC44A2
Q8IWB1	ITPRIP
Q8IWB6	TEX14
Q8IWB7	WDFY1
Q8IWB9	TEX2
Q8IWD4	CCDC117
Q8IWE2	FAM114A1
Q8IWE4	DCUN1D3
Q8IWE5	PLEKHM2
Q8IWI9	MGA
Q8IWJ2	GCC2
Q8IWL3	HSCB
Q8IWR0	ZC3H7A
Q8IWR1	TRIM59
Q8IWS0	PHF6
Q8IWT0	ZBTB8OS
Q8IWT6	LRRC8A
Q8IWU2	LMTK2
Q8IWV1	LAX1
Q8IWV7	UBR1
Q8IWV8	UBR2
Q8IWX8	CHERP
Q8IWY9	CDAN1
Q8IWZ3	ANKHD1
Q8IWZ8	SUGP1
Q8IX01	SUGP2
Q8IX04	UEVLD
Q8IX05	CD302
Q8IX07	ZFPM1
Q8IX12	CCAR1
Q8IX19	MCEMP1
Q8IXB1	DNAJC10
Q8IXH7	NELFCD
Q8IXI1	RHOT2
Q8IXI2	RHOT1
Q8IXJ6	SIRT2
Q8IXJ9	ASXL1
Q8IXK0	PHC2
Q8IXL7	MSRB3
Q8IXM2	BAP18
Q8IXM3	MRPL41
Q8IXM6	NRM
Q8IXQ3	C9orf40
Q8IXQ4	GPALPP1
Q8IXQ6	PARP9
Q8IXR9	C12orf56
Q8IXS8	HYCC2
Q8IXT5	RBM12B
Q8IXW5	RPAP2
Q8IXZ2	ZC3H3
Q8IY17	PNPLA6
Q8IY18	SMC5
Q8IY21	DDX60
Q8IY22	CMIP
Q8IY26	PLPP6
Q8IY31	IFT20
Q8IY33	MICALL2
Q8IY34	SLC15A3
Q8IY37	DHX37
Q8IY57	YAF2
Q8IY67	RAVER1
Q8IY81	FTSJ3
Q8IY95	TMEM192
Q8IYA2	CCDC144CP
Q8IYB1	MB21D2
Q8IYB3	SRRM1
Q8IYB7	DIS3L2
Q8IYB8	SUPV3L1
Q8IYD1	GSPT2
Q8IYI6	EXOC8
Q8IYJ3	SYTL1
Q8IYK4	COLGALT2
Q8IYL2	TRMT44
Q8IYL3	C1orf174
Q8IYL9	GPR65
Q8IYM1	SEPTIN12
Q8IYM9	TRIM22
Q8IYQ7	THNSL1
Q8IYS1	PM20D2
Q8IYS2	KIAA2013
Q8IYS5	OSCAR
Q8IYT2	CMTR2
Q8IYU2	HACE1
Q8IYU8	MICU2
Q8IYW5	RNF168
Q8IZ07	ANKRD13A
Q8IZ21	PHACTR4
Q8IZ69	TRMT2A
Q8IZ73	RPUSD2
Q8IZ81	ELMOD2
Q8IZ83	ALDH16A1
Q8IZA0	KIAA0319L
Q8IZD0	SAMD14
Q8IZD2	KMT2E
Q8IZD4	DCP1B
Q8IZE3	SCYL3
Q8IZH2	XRN1
Q8IZL8	PELP1
Q8IZM8	ZNF654
Q8IZP0	ABI1
Q8IZQ1	WDFY3
Q8IZQ5	SELENOH
Q8IZT6	ASPM
Q8IZU3	SYCP3
Q8IZV5	RDH10
Q8IZY2	ABCA7
Q8N0U8	VKORC1L1
Q8N0V3	RBFA
Q8N0W3	FCSK
Q8N0X4	CLYBL
Q8N0X7	SPART
Q8N0Z3	SPICE1
Q8N0Z6	TTC5
Q8N108	MIER1
Q8N122	RPTOR
Q8N128	FAM177A1
Q8N129	CNPY4
Q8N131	TMEM123
Q8N137	CNTROB
Q8N142	ADSS1
Q8N149	LILRA2
Q8N163	CCAR2
Q8N183	NDUFAF2
Q8N1A6	C4orf33
Q8N1B4	VPS52
Q8N1F7	NUP93
Q8N1F8	STK11IP
Q8N1G0	ZNF687
Q8N1G2	CMTR1
Q8N1G4	LRRC47
Q8N1I0	DOCK4
Q8N1Q1	CA13
Q8N1S5	SLC39A11
Q8N1W1	ARHGEF28
Q8N201	INTS1
Q8N257	H2BC26
Q8N264	ARHGAP24
Q8N292	GAPT
Q8N2C7	UNC80
Q8N2E2	VWDE
Q8N2F6	ARMC10
Q8N2G8	GHDC
Q8N2H4	SYS1
Q8N2K0	ABHD12
Q8N2U9	SLC66A2
Q8N2W9	PIAS4
Q8N2Y8	RUSC2
Q8N302	AGGF1
Q8N335	GPD1L
Q8N357	SLC35F6
Q8N370	SLC43A2
Q8N386	LRRC25
Q8N392	ARHGAP18
Q8N3C0	ASCC3
Q8N3C7	CLIP4
Q8N3D4	EHBP1L1
Q8N3F8	MICALL1
Q8N3L3	TXLNB
Q8N3P4	VPS8
Q8N3U4	STAG2
Q8N3X1	FNBP4
Q8N414	PGBD5
Q8N423	LILRB2
Q8N442	GUF1
Q8N488	RYBP
Q8N490	PNKD
Q8N4A0	GALNT4
Q8N4B1	PHETA1
Q8N4C6	NIN
Q8N4C8	MINK1
Q8N4E4	PDCL2
Q8N4H5	TOMM5
Q8N4L2	PIP4P2
Q8N4P3	HDDC3
Q8N4Q0	PTGR3
Q8N4Q1	CHCHD4
Q8N4S0	CCDC82
Q8N4T8	CBR4
Q8N4V1	MMGT1
Q8N4Z0	RAB42
Q8N511	TMEM199
Q8N531	FBXL6
Q8N543	OGFOD1
Q8N565	MREG
Q8N567	ZCCHC9
Q8N573	OXR1
Q8N584	TTC39C
Q8N594	MPND
Q8N5A5	ZGPAT
Q8N5C6	SRBD1
Q8N5C7	DTWD1
Q8N5C8	TAB3
Q8N5D0	WDTC1
Q8N5F7	NKAP
Q8N5G2	MACO1
Q8N5H7	SH2D3C
Q8N5I2	ARRDC1
Q8N5I9	NOPCHAP1
Q8N5J2	MINDY1
Q8N5K1	CISD2
Q8N5L8	RPP25L
Q8N5M1	ATPAF2
Q8N5N7	MRPL50
Q8N5S9	CAMKK1
Q8N5W9	RFLNB
Q8N5Y8	PARP16
Q8N5Z5	KCTD17
Q8N612	FHIP1B
Q8N653	LZTR1
Q8N668	COMMD1
Q8N680	ZBTB2
Q8N684	CPSF7
Q8N697	SLC15A4
Q8N6G5	CSGALNACT2
Q8N6H7	ARFGAP2
Q8N6L0	KASH5
Q8N6L1	KRTCAP2
Q8N6M0	OTUD6B
Q8N6M3	FITM2
Q8N6N3	C1orf52
Q8N6R0	METTL13
Q8N6S5	ARL6IP6
Q8N6T3	ARFGAP1
Q8N755	SLC66A3
Q8N766	EMC1
Q8N7H5	PAF1
Q8N806	UBR7
Q8N823	ZNF611
Q8N884	CGAS
Q8N8A2	ANKRD44
Q8N8A6	DDX51
Q8N8J7	FAM241A
Q8N8N7	PTGR2
Q8N8R7	ARL14EP
Q8N8S7	ENAH
Q8N8Y2	ATP6V0D2
Q8N954	GPATCH11
Q8N960	CEP120
Q8N983	MRPL43
Q8N999	RLIG1
Q8N9B5	JMY
Q8N9F7	GDPD1
Q8N9L9	ACOT4
Q8N9M1	C19orf47
Q8N9M5	TMEM102
Q8N9N2	ASCC1
Q8N9N5	BANP
Q8N9N7	LRRC57
Q8N9N8	EIF1AD
Q8N9R8	SCAI
Q8N9T8	KRI1
Q8N9U0	TC2N
Q8N9V3	WDSUB1
Q8NAF0	ZNF579
Q8NAV1	PRPF38A
Q8NB16	MLKL
Q8NB37	GATD1
Q8NB49	ATP11C
Q8NB78	KDM1B
Q8NB90	AFG2A
Q8NBA8	DTWD2
Q8NBF2	NHLRC2
Q8NBF6	AVL9
Q8NBI2	CYB561A3
Q8NBI5	SLC43A3
Q8NBI6	XXYLT1
Q8NBJ4	GOLM1
Q8NBJ5	COLGALT1
Q8NBJ7	SUMF2
Q8NBJ9	SIDT2
Q8NBK3	SUMF1
Q8NBL1	POGLUT1
Q8NBM4	UBAC2
Q8NBM8	PCYOX1L
Q8NBN3	TMEM87A
Q8NBN7	RDH13
Q8NBP5	MFSD9
Q8NBQ5	HSD17B11
Q8NBR6	MINDY2
Q8NBS9	TXNDC5
Q8NBT2	SPC24
Q8NBU5	ATAD1
Q8NBX0	SCCPDH
Q8NBZ7	UXS1
Q8NC42	RNF149
Q8NC44	RETREG2
Q8NC51	SERBP1
Q8NC54	KCT2
Q8NC56	LEMD2
Q8NC96	NECAP1
Q8NCA5	FAM98A
Q8NCC3	PLA2G15
Q8NCE2	MTMR14
Q8NCG7	DAGLB
Q8NCJ5	SPRYD3
Q8NCL4	GALNT6
Q8NCM8	DYNC2H1
Q8NCN4	RNF169
Q8NCN5	PDPR
Q8NCS4	TMEM35B
Q8NCW5	NAXE
Q8ND04	SMG8
Q8ND24	RNF214
Q8ND30	PPFIBP2
Q8ND56	LSM14A
Q8ND71	GIMAP8
Q8ND76	CCNY
Q8NDA8	MROH1
Q8NDB2	BANK1
Q8NDD1	C1orf131
Q8NDH3	NPEPL1
Q8NDI1	EHBP1
Q8NDT2	RBM15B
Q8NDV3	SMC1B
Q8NDV7	TNRC6A
Q8NDX1	PSD4
Q8NDX5	PHC3
Q8NDZ4	DIPK2A
Q8NE00	TMEM104
Q8NE01	CNNM3
Q8NE62	CHDH
Q8NE71	ABCF1
Q8NE86	MCU
Q8NEB9	PIK3C3
Q8NEC7	GSTCD
Q8NEF9	SRFBP1
Q8NEL0	CCDC54
Q8NEL9	DDHD1
Q8NEM7	SUPT20H
Q8NEM8	AGBL3
Q8NEN0	ARMC2
Q8NEN9	PDZD8
Q8NEQ5	C1orf162
Q8NES3	LFNG
Q8NET5	NFAM1
Q8NEU8	APPL2
Q8NEW0	SLC30A7
Q8NEY1	NAV1
Q8NEY8	PPHLN1
Q8NEZ2	VPS37A
Q8NEZ3	WDR19
Q8NEZ4	KMT2C
Q8NEZ5	FBXO22
Q8NF37	LPCAT1
Q8NF50	DOCK8
Q8NF86	PRSS33
Q8NF91	SYNE1
Q8NFA0	USP32
Q8NFC6	BOD1L1
Q8NFD5	ARID1B
Q8NFF5	FLAD1
Q8NFG4	FLCN
Q8NFH3	NUP43
Q8NFH4	NUP37
Q8NFH5	NUP35
Q8NFH8	REPS2
Q8NFI3	ENGASE
Q8NFP9	NBEA
Q8NFQ8	TOR1AIP2
Q8NFR9	IL17RE
Q8NFV4	ABHD11
Q8NFW8	CMAS
Q8NFY9	KBTBD8
Q8NFZ5	TNIP2
Q8NFZ8	CADM4
Q8NG06	TRIM58
Q8NG08	HELB
Q8NG11	TSPAN14
Q8NG68	TTL
Q8NGU9	GPR150
Q8NHG8	ZNRF2
Q8NHH9	ATL2
Q8NHJ6	LILRB4
Q8NHL6	LILRB1
Q8NHM5	KDM2B
Q8NHP6	MOSPD2
Q8NHP8	PLBD2
Q8NHQ9	DDX55
Q8NHS3	MFSD8
Q8NHU6	TDRD7
Q8NHV1	GIMAP7
Q8NHV4	NEDD1
Q8NHW5	RPLP0P6
Q8NHX9	TPCN2
Q8NHY2	COP1
Q8NI08	NCOA7
Q8NI22	MCFD2
Q8NI27	THOC2
Q8NI36	WDR36
Q8NI37	PPTC7
Q8NI60	COQ8A
Q8TAA5	GRPEL2
Q8TAA9	VANGL1
Q8TAC2	JOSD2
Q8TAD4	SLC30A5
Q8TAD7	OCC1
Q8TAD8	SNIP1
Q8TAE8	GADD45GIP1
Q8TAF3	WDR48
Q8TAG9	EXOC6
Q8TAP6	CEP76
Q8TAP9	MPLKIP
Q8TAQ2	SMARCC2
Q8TAT6	NPLOC4
Q8TAV0	FAM76A
Q8TAV4	STOML3
Q8TB03	CXorf38
Q8TB22	SPATA20
Q8TB24	RIN3
Q8TB36	GDAP1
Q8TB37	NUBPL
Q8TB40	ABHD4
Q8TB52	FBXO30
Q8TB61	SLC35B2
Q8TB72	PUM2
Q8TB96	ITFG1
Q8TBA6	GOLGA5
Q8TBB5	KLHDC4
Q8TBC3	SHKBP1
Q8TBC4	UBA3
Q8TBE9	NANP
Q8TBF2	PRXL2B
Q8TBF4	ZCRB1
Q8TBM8	DNAJB14
Q8TBN0	RAB3IL1
Q8TBP6	SLC25A40
Q8TBQ9	TMEM167A
Q8TBR7	TLCD3A
Q8TBX8	PIP4K2C
Q8TC07	TBC1D15
Q8TC12	RDH11
Q8TC26	TMEM163
Q8TC44	POC1B
Q8TCD1	C18orf32
Q8TCD5	NT5C
Q8TCE6	DENND10
Q8TCF1	ZFAND1
Q8TCG1	CIP2A
Q8TCJ2	STT3B
Q8TCQ1	MARCHF1
Q8TCS8	PNPT1
Q8TCT7	SPPL2B
Q8TCT8	SPPL2A
Q8TCT9	HM13
Q8TCU6	PREX1
Q8TCZ2	CD99L2
Q8TD16	BICD2
Q8TD19	NEK9
Q8TD26	CHD6
Q8TD30	GPT2
Q8TD43	TRPM4
Q8TD46	CD200R1
Q8TD55	PLEKHO2
Q8TDB6	DTX3L
Q8TDD1	DDX54
Q8TDF6	RASGRP4
Q8TDH9	BLOC1S5
Q8TDJ6	DMXL2
Q8TDM6	DLG5
Q8TDN6	BRIX1
Q8TDP1	RNASEH2C
Q8TDQ1	CD300LF
Q8TDQ7	GNPDA2
Q8TDR2	STK35
Q8TDS4	HCAR2
Q8TDW0	LRRC8C
Q8TDX7	NEK7
Q8TDY2	RB1CC1
Q8TDZ2	MICAL1
Q8TE77	SSH3
Q8TE82	SH3TC1
Q8TEA7	TBCK
Q8TEA8	DTD1
Q8TEB1	DCAF11
Q8TEB9	RHBDD1
Q8TED0	UTP15
Q8TED4	SLC37A2
Q8TEH3	DENND1A
Q8TEM1	NUP210
Q8TEP8	CEP192
Q8TEQ0	SNX29
Q8TEQ6	GEMIN5
Q8TEQ8	PIGO
Q8TER5	ARHGEF40
Q8TEU7	RAPGEF6
Q8TEV9	SMCR8
Q8TEX9	IPO4
Q8TEY7	USP33
Q8TF01	PNISR
Q8TF05	PPP4R1
Q8TF42	UBASH3B
Q8TF46	DIS3L
Q8TF62	ATP8B4
Q8TF64	GIPC3
Q8WTS1	ABHD5
Q8WTT2	NOC3L
Q8WTV0	SCARB1
Q8WTW3	COG1
Q8WTW4	NPRL2
Q8WTX7	CASTOR1
Q8WU39	MZB1
Q8WU67	ABHD3
Q8WU76	SCFD2
Q8WU79	SMAP2
Q8WU90	ZC3H15
Q8WUA2	PPIL4
Q8WUA4	GTF3C2
Q8WUA7	TBC1D22A
Q8WUB8	PHF10
Q8WUD1	RAB2B
Q8WUD4	CCDC12
Q8WUD6	CHPT1
Q8WUF5	PPP1R13L
Q8WUH1	CHURC1
Q8WUH2	TGFBRAP1
Q8WUH6	TMEM263
Q8WUK0	PTPMT1
Q8WUM0	NUP133
Q8WUM4	PDCD6IP
Q8WUN7	UBTD2
Q8WUQ7	CACTIN
Q8WUR7	C15orf40
Q8WUW1	BRK1
Q8WUX2	CHAC2
Q8WUX9	CHMP7
Q8WUY1	THEM6
Q8WV19	SFT2D1
Q8WV22	NSMCE1
Q8WV28	BLNK
Q8WV41	SNX33
Q8WV92	MITD1
Q8WV93	AFG1L
Q8WV99	ZFAND2B
Q8WVB6	CHTF18
Q8WVC0	LEO1
Q8WVC6	DCAKD
Q8WVJ2	NUDCD2
Q8WVK2	SNRNP27
Q8WVM7	STAG1
Q8WVM8	SCFD1
Q8WVP7	LMBR1
Q8WVQ1	CANT1
Q8WVR3	TRAPPC14
Q8WVS4	DYNC2I1
Q8WVT3	TRAPPC12
Q8WVV9	HNRNPLL
Q8WVX9	FAR1
Q8WVY7	UBLCP1
Q8WW01	TSEN15
Q8WW12	PCNP
Q8WW22	DNAJA4
Q8WW59	SPRYD4
Q8WWA1	TMEM40
Q8WWB7	GLMP
Q8WWC4	MAIP1
Q8WWI1	LMO7
Q8WWI5	SLC44A1
Q8WWK9	CKAP2
Q8WWM7	ATXN2L
Q8WWM9	CYGB
Q8WWP7	GIMAP1
Q8WWQ0	PHIP
Q8WWV3	RTN4IP1
Q8WWW0	RASSF5
Q8WWW8	GAB3
Q8WWY3	PRPF31
Q8WX92	NELFB
Q8WX93	PALLD
Q8WX94	NLRP7
Q8WXA3	RUFY2
Q8WXA9	SREK1
Q8WXE1	ATRIP
Q8WXE9	STON2
Q8WXF1	PSPC1
Q8WXF7	ATL1
Q8WXG6	MADD
Q8WXH0	SYNE2
Q8WXI4	ACOT11
Q8WXI9	GATAD2B
Q8WXK1	ASB15
Q8WXS4	TMEM37
Q8WXW3	PIBF1
Q8WXX5	DNAJC9
Q8WXX7	AUTS2
Q8WY22	BRI3BP
Q8WY36	BBX
Q8WY91	THAP4
Q8WYA6	CTNNBL1
Q8WYL5	SSH1
Q8WYN0	ATG4A
Q8WYP3	RIN2
Q8WYP5	AHCTF1
Q8WYQ5	DGCR8
Q8WYR1	PIK3R5
Q8WZ42	TTN
Q8WZ60	KLHL6
Q8WZ64	ARAP2
Q8WZ73	RFFL
Q8WZ74	CTTNBP2
Q8WZ82	OVCA2
Q8WZA0	LZIC
Q8WZA9	IRGQ
Q92499	DDX1
Q92503	SEC14L1
Q92504	SLC39A7
Q92506	HSD17B8
Q92508	PIEZO1
Q92520	FAM3C
Q92522	H1-10
Q92530	PSMF1
Q92538	GBF1
Q92539	LPIN2
Q92540	SMG7
Q92541	RTF1
Q92542	NCSTN
Q92544	TM9SF4
Q92547	TOPBP1
Q92551	IP6K1
Q92552	MRPS27
Q92556	ELMO1
Q92558	WASF1
Q92562	FIG4
Q92564	DCUN1D4
Q92572	AP3S1
Q92574	TSC1
Q92575	UBXN4
Q92576	PHF3
Q92581	SLC9A6
Q92585	MAML1
Q92597	NDRG1
Q92598	HSPH1
Q92599	SEPTIN8
Q92600	CNOT9
Q92604	LPGAT1
Q92608	DOCK2
Q92609	TBC1D5
Q92610	ZNF592
Q92611	EDEM1
Q92614	MYO18A
Q92615	LARP4B
Q92616	GCN1
Q92618	ZNF516
Q92619	ARHGAP45
Q92620	DHX38
Q92621	NUP205
Q92622	RUBCN
Q92625	ANKS1A
Q92628	KIAA0232
Q92633	LPAR1
Q92636	NSMAF
Q92643	PIGK
Q92665	MRPS31
Q92667	AKAP1
Q92673	SORL1
Q92685	ALG3
Q92686	NRGN
Q92688	ANP32B
Q92696	RABGGTA
Q92733	PRCC
Q92734	TFG
Q92738	USP6NL
Q92747	ARPC1A
Q92759	GTF2H4
Q92764	KRT35
Q92766	RREB1
Q92769	HDAC2
Q92783	STAM
Q92785	DPF2
Q92793	CREBBP
Q92794	KAT6A
Q92797	SYMPK
Q92802	N4BP2L2
Q92804	TAF15
Q92805	GOLGA1
Q92820	GGH
Q92828	CORO2A
Q92834	RPGR
Q92835	INPP5D
Q92841	DDX17
Q92844	TANK
Q92845	KIFAP3
Q92851	CASP10
Q92854	SEMA4D
Q92870	APBB2
Q92871	PMM1
Q92878	RAD50
Q92882	OSTF1
Q92888	ARHGEF1
Q92889	ERCC4
Q92890	UFD1
Q92896	GLG1
Q92900	UPF1
Q92902	HPS1
Q92905	COPS5
Q92917	GPKOW
Q92918	MAP4K1
Q92922	SMARCC1
Q92925	SMARCD2
Q92930	RAB8B
Q92945	KHSRP
Q92947	GCDH
Q92952	KCNN1
Q92956	TNFRSF14
Q92963	RIT1
Q92968	PEX13
Q92973	TNPO1
Q92974	ARHGEF2
Q92979	EMG1
Q92982	NINJ1
Q92985	IRF7
Q92989	CLP1
Q92990	GLMN
Q92993	KAT5
Q92995	USP13
Q92997	DVL3
Q93008	USP9X
Q93009	USP7
Q93015	NAA80
Q93033	CD101
Q93034	CUL5
Q93050	ATP6V0A1
Q93052	LPP
Q93073	SECISBP2L
Q93074	MED12
Q93084	ATP2A3
Q93091	RNASE6
Q93099	HGD
Q93100	PHKB
Q95460	MR1
Q969E2	SCAMP4
Q969E4	TCEAL3
Q969E8	TSR2
Q969F9	HPS3
Q969G3	SMARCE1
Q969G6	RFK
Q969H8	MYDGF
Q969J3	BORCS5
Q969M1	TOMM40L
Q969M7	UBE2F
Q969N2	PIGT
Q969Q4	ARL11
Q969Q5	RAB24
Q969R2	OSBP2
Q969R8	ITFG2
Q969S3	ZNF622
Q969S8	HDAC10
Q969S9	GFM2
Q969T4	UBE2E3
Q969T7	NT5C3B
Q969T9	WBP2
Q969U6	FBXW5
Q969U7	PSMG2
Q969V3	NCLN
Q969V5	MUL1
Q969V6	MRTFA
Q969X0	RILPL2
Q969X1	TMBIM1
Q969X5	ERGIC1
Q969X6	UTP4
Q969Y2	GTPBP3
Q969Z0	TBRG4
Q969Z4	RELT
Q96A26	FAM162A
Q96A29	SLC35C1
Q96A33	CCDC47
Q96A35	MRPL24
Q96A49	SYAP1
Q96A54	ADIPOR1
Q96A65	EXOC4
Q96A73	KIAA1191
Q96AA3	RFT1
Q96AB3	ISOC2
Q96AB6	NTAN1
Q96AC1	FERMT2
Q96AD5	PNPLA2
Q96AE4	FUBP1
Q96AE7	TTC17
Q96AG3	SLC25A46
Q96AG4	LRRC59
Q96AH8	RAB7B
Q96AJ9	VTI1A
Q96AP0	ACD
Q96AP7	ESAM
Q96AQ6	PBXIP1
Q96AQ8	MCUR1
Q96AT1	KIAA1143
Q96AT9	RPE
Q96AX1	VPS33A
Q96AX2	RAB37
Q96AX9	MIB2
Q96B23	ARK2N
Q96B26	EXOSC8
Q96B36	AKT1S1
Q96B45	BORCS7
Q96B49	TOMM6
Q96B97	SH3KBP1
Q96BD8	SKA1
Q96BH1	RNF25
Q96BI1	SLC22A18
Q96BJ3	AIDA
Q96BK5	PINX1
Q96BM9	ARL8A
Q96BN2	TADA1
Q96BN8	OTULIN
Q96BP3	PPWD1
Q96BQ5	CCDC127
Q96BR1	SGK3
Q96BR5	COA7
Q96BS2	TESC
Q96BW1	UPRT
Q96BW5	PTER
Q96BW9	TAMM41
Q96BX8	MOB3A
Q96BY6	DOCK10
Q96BY7	ATG2B
Q96BY9	SARAF
Q96BZ4	PLD4
Q96BZ8	LENG1
Q96BZ9	TBC1D20
Q96C01	FAM136A
Q96C11	FGGY
Q96C19	EFHD2
Q96C23	GALM
Q96C24	SYTL4
Q96C36	PYCR2
Q96C45	ULK4
Q96C57	CUSTOS
Q96C86	DCPS
Q96C90	PPP1R14B
Q96C92	ENTR1
Q96CB8	INTS12
Q96CB9	NSUN4
Q96CD0	FBXL8
Q96CD2	PPCDC
Q96CM3	RPUSD4
Q96CM4	NXNL1
Q96CM8	ACSF2
Q96CN7	ISOC1
Q96CN9	GCC1
Q96CP2	FLYWCH2
Q96CS2	HAUS1
Q96CS3	FAF2
Q96CS7	PLEKHB2
Q96CT7	CCDC124
Q96CU9	FOXRED1
Q96CV9	OPTN
Q96CW1	AP2M1
Q96CW5	TUBGCP3
Q96CX2	KCTD12
Q96D15	RCN3
Q96D46	NMD3
Q96D71	REPS1
Q96D96	HVCN1
Q96DA6	DNAJC19
Q96DB5	RMDN1
Q96DB9	FXYD5
Q96DC7	TMCO6
Q96DC8	ECHDC3
Q96DD7	SHISA4
Q96DE0	NUDT16
Q96DF8	ESS2
Q96DG6	CMBL
Q96DI7	SNRNP40
Q96DM3	RMC1
Q96DP5	MTFMT
Q96DR4	STARD4
Q96DT0	LGALS12
Q96DT6	ATG4C
Q96DU3	SLAMF6
Q96DU7	ITPKC
Q96DV4	MRPL38
Q96DX4	RSPRY1
Q96DX7	TRIM44
Q96DZ1	ERLEC1
Q96DZ5	CLIP3
Q96DZ9	CMTM5
Q96E11	MRRF
Q96E29	MTERF3
Q96EB1	ELP4
Q96EB6	SIRT1
Q96EC8	YIPF6
Q96EE3	SEH1L
Q96EH3	MALSU1
Q96EI5	TCEAL4
Q96EK5	KIFBP
Q96EK6	GNPNAT1
Q96EK7	FAM120B
Q96EK9	KTI12
Q96EL2	MRPS24
Q96EL3	MRPL53
Q96EM0	L3HYPDH
Q96EP0	RNF31
Q96EP5	DAZAP1
Q96EQ0	SGTB
Q96ER3	SAAL1
Q96ER9	CCDC51
Q96EU7	C1GALT1C1
Q96EV2	RBM33
Q96EV8	DTNBP1
Q96EX1	SMIM12
Q96EY1	DNAJA3
Q96EY4	TMA16
Q96EY5	MVB12A
Q96EY7	PTCD3
Q96EY8	MMAB
Q96EZ8	MCRS1
Q96F07	CYFIP2
Q96F10	SAT2
Q96F15	GIMAP5
Q96F24	NRBF2
Q96F25	ALG14
Q96F44	TRIM11
Q96F46	IL17RA
Q96F63	CCDC97
Q96F85	CNRIP1
Q96F86	EDC3
Q96FE7	PIK3IP1
Q96FH0	BORCS8
Q96FJ2	DYNLL2
Q96FK6	WDR89
Q96FL8	SLC47A1
Q96FN4	CPNE2
Q96FN9	DTD2
Q96FS4	SIPA1
Q96FV2	SCRN2
Q96FV9	THOC1
Q96FW1	OTUB1
Q96FX2	DPH3
Q96FZ5	CMTM7
Q96FZ7	CHMP6
Q96G03	PGM2
Q96G21	IMP4
Q96G23	CERS2
Q96G25	MED8
Q96G28	CFAP36
Q96G42	KLHDC7B
Q96G46	DUS3L
Q96G91	P2RY11
Q96G97	BSCL2
Q96GA3	LTV1
Q96GA7	SDSL
Q96GC5	MRPL48
Q96GC9	VMP1
Q96GD0	PDXP
Q96GE4	CEP95
Q96GE9	DMAC1
Q96GG9	DCUN1D1
Q96GK7	FAHD2A
Q96GM5	SMARCD1
Q96GM8	TOE1
Q96GQ5	RUSF1
Q96GQ7	DDX27
Q96GS4	BORCS6
Q96GS6	ABHD17A
Q96GU1	PAGE5
Q96GX2	ATXN7L3B
Q96GX9	APIP
Q96GY0	ZC2HC1A
Q96GY3	LIN37
Q96GZ6	SLC41A3
Q96H20	SNF8
Q96H72	SLC39A13
Q96H78	SLC25A44
Q96H79	ZC3HAV1L
Q96H96	COQ2
Q96HA1	POM121
Q96HA7	TONSL
Q96HC4	PDLIM5
Q96HD1	CRELD1
Q96HD9	ACY3
Q96HE7	ERO1A
Q96HJ5	MS4A3
Q96HJ9	FMC1
Q96HN2	AHCYL2
Q96HP4	OXNAD1
Q96HR3	MED30
Q96HR9	REEP6
Q96HS1	PGAM5
Q96HV5	TMEM41A
Q96HW7	INTS4
Q96HY6	DDRGK1
Q96HY7	DHTKD1
Q96I15	SCLY
Q96I23	PYURF
Q96I24	FUBP3
Q96I25	RBM17
Q96I51	RCC1L
Q96I59	NARS2
Q96I99	SUCLG2
Q96IG2	FBXL20
Q96II8	LRCH3
Q96IJ6	GMPPA
Q96IR7	HPDL
Q96IU4	ABHD14B
Q96IV0	NGLY1
Q96IY1	NSL1
Q96IZ5	RBM41
Q96IZ7	RSRC1
Q96J01	THOC3
Q96J02	ITCH
Q96J42	TXNDC15
Q96JB1	DNAH8
Q96JB2	COG3
Q96JB5	CDK5RAP3
Q96JC1	VPS39
Q96JC9	EAF1
Q96JD6	AKR1E2
Q96JG6	VPS50
Q96JH7	VCPIP1
Q96JI7	SPG11
Q96JJ3	ELMO2
Q96JJ7	TMX3
Q96JK2	DCAF5
Q96JM3	CHAMP1
Q96JM7	L3MBTL3
Q96JN0	LCOR
Q96JP5	ZFP91
Q96JQ2	CLMN
Q96JX3	SERAC1
Q96JY6	PDLIM2
Q96JZ2	HSH2D
Q96K12	FAR2
Q96K17	BTF3L4
Q96K19	RNF170
Q96K21	ZFYVE19
Q96K37	SLC35E1
Q96K49	TMEM87B
Q96K76	USP47
Q96KA5	CLPTM1L
Q96KB5	PBK
Q96KC8	DNAJC1
Q96KG9	SCYL1
Q96KM6	ZNF512B
Q96KP1	EXOC2
Q96KP4	CNDP2
Q96KQ7	EHMT2
Q96KR1	ZFR
Q96KR6	FAM210B
Q96L91	EP400
Q96L92	SNX27
Q96L93	KIF16B
Q96LA5	FCRL2
Q96LA8	PRMT6
Q96LB1	MRGPRX2
Q96LC7	SIGLEC10
Q96LD4	TRIM47
Q96LD8	SENP8
Q96LJ7	DHRS1
Q96LR5	UBE2E2
Q96LT7	C9orf72
Q96LT9	RNPC3
Q96LW4	PRIMPOL
Q96LZ7	RMDN2
Q96M27	PRRC1
Q96M96	FGD4
Q96ME1	FBXL18
Q96ME7	ZNF512
Q96MF7	NSMCE2
Q96MG7	NSMCE3
Q96MH6	TMEM68
Q96MI6	PPM1M
Q96MK2	RIPOR3
Q96MU7	YTHDC1
Q96MW1	CCDC43
Q96MW5	COG8
Q96MX0	CMTM3
Q96MX6	DNAAF10
Q96MZ0	GDAP1L1
Q96N11	INTS15
Q96N20	ZNF75A
Q96N46	TTC14
Q96N64	PWWP2A
Q96N66	MBOAT7
Q96N67	DOCK7
Q96N96	SPATA13
Q96NA2	RILP
Q96NB1	CEP20
Q96NB2	SFXN2
Q96NC0	ZMAT2
Q96ND0	FAM210A
Q96NL8	CFAP418
Q96NT0	CCDC115
Q96NT5	SLC46A1
Q96NU7	AMDHD1
Q96NW4	ANKRD27
Q96NX5	CAMK1G
Q96NY7	CLIC6
Q96NY8	NECTIN4
Q96NY9	MUS81
Q96P11	NSUN5
Q96P16	RPRD1A
Q96P47	AGAP3
Q96P48	ARAP1
Q96P53	WDFY2
Q96P70	IPO9
Q96PC3	AP1S3
Q96PC5	MIA2
Q96PE3	INPP4A
Q96PE7	MCEE
Q96PK6	RBM14
Q96PM5	RCHY1
Q96PM9	ZNF385A
Q96PN7	TRERF1
Q96PP8	GBP5
Q96PP9	GBP4
Q96PU4	UHRF2
Q96PU5	NEDD4L
Q96PU8	QKI
Q96PV6	LENG8
Q96PY5	FMNL2
Q96PY6	NEK1
Q96PZ0	PUS7
Q96PZ2	FAM111A
Q96Q04	LMTK3
Q96Q05	TRAPPC9
Q96Q11	TRNT1
Q96Q15	SMG1
Q96Q42	ALS2
Q96Q45	TMEM237
Q96Q89	KIF20B
Q96QC0	PPP1R10
Q96QD8	SLC38A2
Q96QE2	SLC2A13
Q96QF0	RAB3IP
Q96QG7	MTMR9
Q96QH2	PRAM1
Q96QK1	VPS35
Q96QP1	ALPK1
Q96QR8	PURB
Q96QS1	TSPAN32
Q96QT4	TRPM7
Q96QT6	PHF12
Q96QU6	ACCS
Q96QU8	XPO6
Q96R05	RBP7
Q96R06	SPAG5
Q96RE7	NACC1
Q96RF0	SNX18
Q96RG2	PASK
Q96RK0	CIC
Q96RL1	UIMC1
Q96RL7	VPS13A
Q96RN5	MED15
Q96RP9	GFM1
Q96RQ1	ERGIC2
Q96RQ3	MCCC1
Q96RQ9	IL4I1
Q96RR4	CAMKK2
Q96RS0	TGS1
Q96RS6	NUDCD1
Q96RT1	ERBIN
Q96RT7	TUBGCP6
Q96RT8	TUBGCP5
Q96RU3	FNBP1
Q96S06	LMF1
Q96S15	WDR24
Q96S19	METTL26
Q96S44	TP53RK
Q96S52	PIGS
Q96S53	TESK2
Q96S55	WRNIP1
Q96S59	RANBP9
Q96S66	CLCC1
Q96S82	UBL7
Q96S94	CCNL2
Q96S97	MYADM
Q96S99	PLEKHF1
Q96SB3	PPP1R9B
Q96SB4	SRPK1
Q96SB8	SMC6
Q96SI9	STRBP
Q96SK2	TMEM209
Q96SL1	SLC49A4
Q96SL4	GPX7
Q96SM3	CPXM1
Q96SN7	ORAI2
Q96SN8	CDK5RAP2
Q96SQ9	CYP2S1
Q96ST2	IWS1
Q96ST3	SIN3A
Q96SU4	OSBPL9
Q96SW2	CRBN
Q96SY0	INTS14
Q96SZ5	ADO
Q96T23	RSF1
Q96T37	RBM15
Q96T51	RUFY1
Q96T58	SPEN
Q96T60	PNKP
Q96T76	MMS19
Q96T83	SLC9A7
Q96T88	UHRF1
Q96TA1	NIBAN2
Q96TA2	YME1L1
Q96TC7	RMDN3
Q99075	HBEGF
Q99081	TCF12
Q99417	MYCBP
Q99426	TBCB
Q99436	PSMB7
Q99439	CNN2
Q99442	SEC62
Q99447	PCYT2
Q99459	CDC5L
Q99460	PSMD1
Q99467	CD180
Q99470	SDF2
Q99471	PFDN5
Q99487	PAFAH2
Q99489	DDO
Q99490	AGAP2
Q99496	RNF2
Q99497	PARK7
Q99501	GAS2L1
Q99504	EYA3
Q99519	NEU1
Q99523	SORT1
Q99536	VAT1
Q99538	LGMN
Q99541	PLIN2
Q99543	DNAJC2
Q99549	MPHOSPH8
Q99567	NUP88
Q99570	PIK3R4
Q99571	P2RX4
Q99572	P2RX7
Q99575	POP1
Q99576	TSC22D3
Q99584	S100A13
Q99590	SCAF11
Q99595	TIMM17A
Q99598	TSNAX
Q99607	ELF4
Q99611	SEPHS2
Q99613	EIF3C
Q99614	TTC1
Q99615	DNAJC7
Q99622	C12orf57
Q99623	PHB2
Q99627	COPS8
Q99633	PRPF18
Q99638	RAD9A
Q99643	SDHC
Q99653	CHP1
Q99661	KIF2C
Q99674	CGREF1
Q99683	MAP3K5
Q99685	MGLL
Q99698	LYST
Q99700	ATXN2
Q99704	DOK1
Q99707	MTR
Q99714	HSD17B10
Q99719	SEPTIN5
Q99720	SIGMAR1
Q99729	HNRNPAB
Q99732	LITAF
Q99733	NAP1L4
Q99735	MGST2
Q99747	NAPG
Q99757	TXN2
Q99759	MAP3K3
Q99766	DMAC2L
Q99767	APBA2
Q99788	CMKLR1
Q99795	GPA33
Q99797	MIPEP
Q99798	ACO2
Q99805	TM9SF2
Q99807	COQ7
Q99808	SLC29A1
Q99816	TSG101
Q99828	CIB1
Q99829	CPNE1
Q99832	CCT7
Q99836	MYD88
Q99848	EBNA1BP2
Q99856	ARID3A
Q99871	HAUS7
Q99873	PRMT1
Q99933	BAG1
Q99943	AGPAT1
Q99952	PTPN18
Q99961	SH3GL1
Q99973	TEP1
Q99986	VRK1
Q99996	AKAP9
Q9BPW8	NIPSNAP1
Q9BPW9	DHRS9
Q9BPX1	HSD17B14
Q9BPX3	NCAPG
Q9BPX5	ARPC5L
Q9BPX6	MICU1
Q9BPX7	C7orf25
Q9BPY3	FAM118B
Q9BPY8	HOPX
Q9BPZ3	PAIP2
Q9BPZ7	MAPKAP1
Q9BQ15	NABP2
Q9BQ39	DDX50
Q9BQ49	SMIM7
Q9BQ51	PDCD1LG2
Q9BQ52	ELAC2
Q9BQ61	TRIR
Q9BQ69	MACROD1
Q9BQ70	TCF25
Q9BQ95	ECSIT
Q9BQA1	WDR77
Q9BQA9	CYBC1
Q9BQB6	VKORC1
Q9BQC3	DPH2
Q9BQD3	KXD1
Q9BQE3	TUBA1C
Q9BQE5	APOL2
Q9BQG0	MYBBP1A
Q9BQG2	NUDT12
Q9BQP7	MGME1
Q9BQS8	FYCO1
Q9BR11	ZSWIM1
Q9BR61	ACBD6
Q9BR76	CORO1B
Q9BR77	CCDC77
Q9BRA0	NAA38
Q9BRA2	TXNDC17
Q9BRB3	PIGQ
Q9BRF8	CPPED1
Q9BRG1	VPS25
Q9BRJ2	MRPL45
Q9BRJ6	C7orf50
Q9BRJ7	NUDT16L1
Q9BRK4	LZTS2
Q9BRK5	SDF4
Q9BRN9	TM2D3
Q9BRP4	PAAF1
Q9BRP8	PYM1
Q9BRQ0	PYGO2
Q9BRQ5	ORAI3
Q9BRQ6	CHCHD6
Q9BRQ8	AIFM2
Q9BRR6	ADPGK
Q9BRR8	GPATCH1
Q9BRR9	ARHGAP9
Q9BRS2	RIOK1
Q9BRT2	UQCC2
Q9BRT3	MIEN1
Q9BRT9	GINS4
Q9BRV8	SIKE1
Q9BRX2	PELO
Q9BRX5	GINS3
Q9BRX8	PRXL2A
Q9BRX9	WDR83
Q9BRZ2	TRIM56
Q9BS26	ERP44
Q9BS40	LXN
Q9BSA9	TMEM175
Q9BSC4	NOL10
Q9BSD7	NTPCR
Q9BSF0	C2orf88
Q9BSF4	TIMM29
Q9BSH4	TACO1
Q9BSH5	HDHD3
Q9BSI4	TINF2
Q9BSJ2	TUBGCP2
Q9BSJ5	MTNAP1
Q9BSJ8	ESYT1
Q9BSL1	UBAC1
Q9BSQ5	CCM2
Q9BSR8	YIPF4
Q9BSU1	PHAF1
Q9BSU3	NAA11
Q9BSV6	TSEN34
Q9BSW2	CRACR2A
Q9BSY4	CHCHD5
Q9BT09	CNPY3
Q9BT22	ALG1
Q9BT23	LIMD2
Q9BT25	HAUS8
Q9BT40	INPP5K
Q9BT43	POLR3GL
Q9BT67	NDFIP1
Q9BT78	COPS4
Q9BT88	SYT11
Q9BTA9	WAC
Q9BTC0	DIDO1
Q9BTD8	RBM42
Q9BTE1	DCTN5
Q9BTE3	MCMBP
Q9BTE6	AARSD1
Q9BTK6	PAGR1
Q9BTT0	ANP32E
Q9BTT4	MED10
Q9BTU6	PI4K2A
Q9BTV4	TMEM43
Q9BTW9	TBCD
Q9BTX1	NDC1
Q9BTX7	TTPAL
Q9BTY2	FUCA2
Q9BTY7	HGH1
Q9BTZ2	DHRS4
Q9BU02	THTPA
Q9BU19	ZNF692
Q9BU23	LMF2
Q9BU76	MMTAG2
Q9BU89	DOHH
Q9BUA6	MYL10
Q9BUB4	ADAT1
Q9BUB5	MKNK1
Q9BUE6	ISCA1
Q9BUF5	TUBB6
Q9BUH6	PAXX
Q9BUI4	POLR3C
Q9BUJ2	HNRNPUL1
Q9BUK0	CHCHD7
Q9BUK6	MSTO1
Q9BUL5	PHF23
Q9BUL8	PDCD10
Q9BUL9	RPP25
Q9BUM1	G6PC3
Q9BUN8	DERL1
Q9BUP3	HTATIP2
Q9BUQ8	DDX23
Q9BUT1	BDH2
Q9BUT9	MCRIP2
Q9BUV8	RAB5IF
Q9BV10	ALG12
Q9BV19	C1orf50
Q9BV20	MRI1
Q9BV23	ABHD6
Q9BV29	CCDC32
Q9BV36	MLPH
Q9BV38	WDR18
Q9BV40	VAMP8
Q9BV44	THUMPD3
Q9BV57	ADI1
Q9BV68	RNF126
Q9BV73	CEP250
Q9BV79	MECR
Q9BV81	EMC6
Q9BV86	NTMT1
Q9BV94	EDEM2
Q9BVA0	KATNB1
Q9BVC3	DSCC1
Q9BVC4	MLST8
Q9BVC5	C2orf49
Q9BVC6	TMEM109
Q9BVG4	PBDC1
Q9BVG9	PTDSS2
Q9BVI4	NOC4L
Q9BVJ6	UTP14A
Q9BVJ7	DUSP23
Q9BVK2	ALG8
Q9BVK6	TMED9
Q9BVK8	TMEM147
Q9BVL2	NUP58
Q9BVL4	SELENOO
Q9BVM4	GGACT
Q9BVP2	GNL3
Q9BVQ7	AFG2B
Q9BVS4	RIOK2
Q9BVS5	TRMT61B
Q9BVT8	TMUB1
Q9BVV7	TIMM21
Q9BVW5	TIPIN
Q9BW04	SARG
Q9BW19	KIFC1
Q9BW27	NUP85
Q9BW60	ELOVL1
Q9BW61	DDA1
Q9BW71	HIRIP3
Q9BW72	HIGD2A
Q9BW83	IFT27
Q9BW85	YJU2
Q9BW91	NUDT9
Q9BW92	TARS2
Q9BWD1	ACAT2
Q9BWE0	REPIN1
Q9BWF3	RBM4
Q9BWH2	FUNDC2
Q9BWH6	RPAP1
Q9BWJ5	SF3B5
Q9BWM7	SFXN3
Q9BWS9	CHID1
Q9BWT3	PAPOLG
Q9BWU0	SLC4A1AP
Q9BWW8	APOL6
Q9BX10	GTPBP2
Q9BX40	LSM14B
Q9BX59	TAPBPL
Q9BX66	SORBS1
Q9BX68	HINT2
Q9BX69	CARD6
Q9BX95	SGPP1
Q9BXA5	SUCNR1
Q9BXB4	OSBPL11
Q9BXD5	NPL
Q9BXF6	RAB11FIP5
Q9BXI6	TBC1D10A
Q9BXJ8	TMEM120A
Q9BXJ9	NAA15
Q9BXK5	BCL2L13
Q9BXL5	HEMGN
Q9BXL7	CARD11
Q9BXP2	SLC12A9
Q9BXP5	SRRT
Q9BXR0	QTRT1
Q9BXS4	TMEM59
Q9BXS5	AP1M1
Q9BXS6	NUSAP1
Q9BXS9	SLC26A6
Q9BXV9	GON7
Q9BXW6	OSBPL1A
Q9BXW7	HDHD5
Q9BXW9	FANCD2
Q9BXX0	EMILIN2
Q9BXY0	MAK16
Q9BY15	ADGRE3
Q9BY32	ITPA
Q9BY41	HDAC8
Q9BY42	RTF2
Q9BY43	CHMP4A
Q9BY44	EIF2A
Q9BY49	PECR
Q9BY50	SEC11C
Q9BY60	GABARAPL3
Q9BY77	POLDIP3
Q9BY89	KIAA1671
Q9BYC5	FUT8
Q9BYC8	MRPL32
Q9BYC9	MRPL20
Q9BYD1	MRPL13
Q9BYD2	MRPL9
Q9BYD3	MRPL4
Q9BYD6	MRPL1
Q9BYG3	NIFK
Q9BYI3	HYCC1
Q9BYJ9	YTHDF1
Q9BYK8	HELZ2
Q9BYM8	RBCK1
Q9BYN0	SRXN1
Q9BYN8	MRPS26
Q9BYT8	NLN
Q9BYV8	CEP41
Q9BYW2	SETD2
Q9BYX2	TBC1D2
Q9BYX4	IFIH1
Q9BYX7	POTEKP
Q9BZ23	PANK2
Q9BZ67	FRMD8
Q9BZ72	PITPNM2
Q9BZ95	NSD3
Q9BZC7	ABCA2
Q9BZD2	SLC29A3
Q9BZE1	MRPL37
Q9BZE2	PUS3
Q9BZE4	GTPBP4
Q9BZE9	ASPSCR1
Q9BZF1	OSBPL8
Q9BZF3	OSBPL6
Q9BZF9	UACA
Q9BZG1	RAB34
Q9BZG8	DPH1
Q9BZH6	WDR11
Q9BZJ0	CRNKL1
Q9BZK7	TBL1XR1
Q9BZL4	PPP1R12C
Q9BZL6	PRKD2
Q9BZM1	PLA2G12A
Q9BZQ6	EDEM3
Q9BZQ8	NIBAN1
Q9BZV1	UBXN6
Q9BZW8	CD244
Q9BZX2	UCK2
Q9BZZ2	SIGLEC1
Q9BZZ5	API5
Q9C002	NMES1
Q9C005	DPY30
Q9C009	FOXQ1
Q9C035	TRIM5
Q9C037	TRIM4
Q9C040	TRIM2
Q9C073	FAM117A
Q9C086	INO80B
Q9C0B0	UNK
Q9C0B1	FTO
Q9C0B5	ZDHHC5
Q9C0B7	TANGO6
Q9C0B9	ZCCHC2
Q9C0C2	TNKS1BP1
Q9C0C9	UBE2O
Q9C0D3	ZYG11B
Q9C0D5	TANC1
Q9C0D7	ZC3H12C
Q9C0E2	XPO4
Q9C0E8	LNPK
Q9C0H2	TTYH3
Q9C0I1	MTMR12
Q9C0J8	WDR33
Q9C0J9	BHLHE41
Q9GZL7	WDR12
Q9GZM5	YIPF3
Q9GZN1	ACTR6
Q9GZN7	ROGDI
Q9GZN8	ADISSP
Q9GZP4	PITHD1
Q9GZP8	IMUP
Q9GZP9	DERL2
Q9GZQ3	COMMD5
Q9GZR1	SENP6
Q9GZR7	DDX24
Q9GZS3	SKIC8
Q9GZT3	SLIRP
Q9GZT4	SRR
Q9GZT6	CCDC90B
Q9GZT8	NIF3L1
Q9GZT9	EGLN1
Q9GZU1	MCOLN1
Q9GZU3	TMEM39B
Q9GZU7	CTDSP1
Q9GZU8	PSME3IP1
Q9GZW8	MS4A7
Q9GZX9	TWSG1
Q9GZY0	NXF2
Q9GZY0	NXF2B
Q9GZY4	COA1
Q9GZY6	LAT2
Q9GZY8	MFF
Q9GZZ1	NAA50
Q9GZZ9	UBA5
Q9H000	MKRN2
Q9H008	LHPP
Q9H009	NACA2
Q9H019	MTFR1L
Q9H061	TMEM126A
Q9H063	MAF1
Q9H074	PAIP1
Q9H078	CLPB
Q9H079	KATNBL1
Q9H081	MIS12
Q9H082	RAB33B
Q9H089	LSG1
Q9H098	FAM107B
Q9H0A0	NAT10
Q9H0A8	COMMD4
Q9H0B6	KLC2
Q9H0C8	ILKAP
Q9H0D6	XRN2
Q9H0E2	TOLLIP
Q9H0E9	BRD8
Q9H0F6	SHARPIN
Q9H0F7	ARL6
Q9H0G5	NSRP1
Q9H0H0	INTS2
Q9H0J9	PARP12
Q9H0K6	PUS7L
Q9H0L4	CSTF2T
Q9H0N5	PCBD2
Q9H0P0	NT5C3A
Q9H0Q0	CYRIA
Q9H0R1	AP5M1
Q9H0R4	HDHD2
Q9H0R6	QRSL1
Q9H0R8	GABARAPL1
Q9H0S4	DDX47
Q9H0U4	RAB1B
Q9H0U6	MRPL18
Q9H0U9	TSPYL1
Q9H0V9	LMAN2L
Q9H0W5	CCDC8
Q9H0W8	SMG9
Q9H0W9	C11orf54
Q9H0X4	FAM234A
Q9H0X9	OSBPL5
Q9H0Z9	RBM38
Q9H115	NAPB
Q9H147	DNTTIP1
Q9H165	BCL11A
Q9H173	SIL1
Q9H190	SDCBP2
Q9H1A3	METTL9
Q9H1A4	ANAPC1
Q9H1B5	XYLT2
Q9H1B7	IRF2BPL
Q9H1C4	UNC93B1
Q9H1C7	CYSTM1
Q9H1E3	NUCKS1
Q9H1E5	TMX4
Q9H1H9	KIF13A
Q9H1I8	ASCC2
Q9H1K0	RBSN
Q9H1K1	ISCU
Q9H1K6	TLNRD1
Q9H1P3	OSBPL2
Q9H1R2	DUSP15
Q9H1U4	MEGF9
Q9H1V8	SLC6A17
Q9H1X3	DNAJC25
Q9H1Y0	ATG5
Q9H1Z4	WDR13
Q9H1Z9	TSPAN10
Q9H204	MED28
Q9H223	EHD4
Q9H237	PORCN
Q9H257	CARD9
Q9H267	VPS33B
Q9H269	VPS16
Q9H270	VPS11
Q9H299	SH3BGRL3
Q9H2A7	CXCL16
Q9H2C0	GAN
Q9H2C2	ARV1
Q9H2D1	SLC25A32
Q9H2D6	TRIOBP
Q9H2F3	HSD3B7
Q9H2F5	EPC1
Q9H2G2	SLK
Q9H2G9	BLZF1
Q9H2H8	PPIL3
Q9H2I8	LRMDA
Q9H2J4	PDCL3
Q9H2K0	MTIF3
Q9H2K8	TAOK3
Q9H2L5	RASSF4
Q9H2M9	RAB3GAP2
Q9H2P0	ADNP
Q9H2P9	DPH5
Q9H2U1	DHX36
Q9H2U2	PPA2
Q9H2V7	SPNS1
Q9H2W1	MS4A6A
Q9H2W6	MRPL46
Q9H2Y7	ZNF106
Q9H300	PARL
Q9H305	CDIP1
Q9H307	PNN
Q9H330	TMEM245
Q9H3C7	GGNBP2
Q9H3F6	KCTD10
Q9H3G5	CPVL
Q9H3H3	C11orf68
Q9H3H5	DPAGT1
Q9H3K6	BOLA2
Q9H3K6	BOLA2B
Q9H3M7	TXNIP
Q9H3N1	TMX1
Q9H3N8	HRH4
Q9H3P2	NELFA
Q9H3P7	ACBD3
Q9H3Q1	CDC42EP4
Q9H3R0	KDM4C
Q9H3R5	CENPH
Q9H3S1	SEMA4A
Q9H3S4	TPK1
Q9H3S7	PTPN23
Q9H3T3	SEMA6B
Q9H3U1	UNC45A
Q9H3U5	MFSD1
Q9H3Y8	PPDPF
Q9H3Z4	DNAJC5
Q9H410	DSN1
Q9H425	C1orf198
Q9H444	CHMP4B
Q9H446	RWDD1
Q9H477	RBKS
Q9H479	FN3K
Q9H488	POFUT1
Q9H490	PIGU
Q9H497	TOR3A
Q9H4A3	WNK1
Q9H4A4	RNPEP
Q9H4A5	GOLPH3L
Q9H4A6	GOLPH3
Q9H4A9	DPEP2
Q9H4B6	SAV1
Q9H4B7	TUBB1
Q9H4E7	DEF6
Q9H4G0	EPB41L1
Q9H4G4	GLIPR2
Q9H4I3	TRABD
Q9H4I9	SMDT1
Q9H4L4	SENP3
Q9H4L5	OSBPL3
Q9H4L7	SMARCAD1
Q9H4M9	EHD1
Q9H4P4	RNF41
Q9H4X1	RGCC
Q9H4Z3	PCIF1
Q9H501	ESF1
Q9H553	ALG2
Q9H582	ZNF644
Q9H583	HEATR1
Q9H5N1	RABEP2
Q9H5V9	STEEP1
Q9H5X1	CIAO2A
Q9H5Z1	DHX35
Q9H628	RERGL
Q9H633	RPP21
Q9H665	IGFLR1
Q9H6D7	HAUS4
Q9H6E4	CCDC134
Q9H6E5	TUT1
Q9H6F5	CCDC86
Q9H6H4	REEP4
Q9H6K1	ILRUN
Q9H6K4	OPA3
Q9H6L5	RETREG1
Q9H6Q3	SLA2
Q9H6Q4	CIAO3
Q9H6R0	DHX33
Q9H6R4	NOL6
Q9H6R6	ZDHHC6
Q9H6R7	WDCP
Q9H6S0	YTHDC2
Q9H6S1	AZI2
Q9H6S3	EPS8L2
Q9H6T3	RPAP3
Q9H6U6	BCAS3
Q9H6U8	ALG9
Q9H6V9	LDAH
Q9H6W3	RIOX1
Q9H6X4	TMEM134
Q9H6Y2	WDR55
Q9H6Y5	MAGIX
Q9H6Y7	RNF167
Q9H6Z4	RANBP3
Q9H773	DCTPP1
Q9H777	ELAC1
Q9H7B2	RPF2
Q9H7C4	SYNC
Q9H7C9	AAMDC
Q9H7D0	DOCK5
Q9H7D7	WDR26
Q9H7E2	TDRD3
Q9H7F0	ATP13A3
Q9H7H0	METTL17
Q9H7J1	PPP1R3E
Q9H7L9	SUDS3
Q9H7M9	VSIR
Q9H7N4	SCAF1
Q9H7P6	MVB12B
Q9H7U1	CCSER2
Q9H7Z3	NRDE2
Q9H7Z6	KAT8
Q9H7Z7	PTGES2
Q9H813	PACC1
Q9H814	PHAX
Q9H832	UBE2Z
Q9H841	NIPAL2
Q9H845	ACAD9
Q9H857	NT5DC2
Q9H871	RMND5A
Q9H8G2	CAAP1
Q9H8H0	NOL11
Q9H8H3	TMT1A
Q9H8J5	MANSC1
Q9H8M2	BRD9
Q9H8N7	ZNF395
Q9H8T0	AKTIP
Q9H8U3	ZFAND3
Q9H8W4	PLEKHF2
Q9H8Y8	GORASP2
Q9H903	MTHFD2L
Q9H910	JPT2
Q9H920	RNF121
Q9H930	SP140L
Q9H936	SLC25A22
Q9H939	PSTPIP2
Q9H967	WDR76
Q9H974	QTRT2
Q9H981	ACTR8
Q9H993	ARMT1
Q9H9A5	CNOT10
Q9H9A6	LRRC40
Q9H9A7	RMI1
Q9H9B1	EHMT1
Q9H9B4	SFXN1
Q9H9C1	VIPAS39
Q9H9E3	COG4
Q9H9F9	ACTR5
Q9H9G7	AGO3
Q9H9H4	VPS37B
Q9H9J2	MRPL44
Q9H9J4	USP42
Q9H9L3	ISG20L2
Q9H9P5	UNKL
Q9H9P8	L2HGDH
Q9H9Q2	COPS7B
Q9H9Q4	NHEJ1
Q9H9S4	CAB39L
Q9H9T3	ELP3
Q9H9Y2	RPF1
Q9H9Y6	POLR1B
Q9HA47	UCK1
Q9HA64	FN3KRP
Q9HA65	TBC1D17
Q9HA72	CALHM2
Q9HA77	CARS2
Q9HA92	RSAD1
Q9HAB8	PPCS
Q9HAD4	WDR41
Q9HAF1	MEAF6
Q9HAI6	TASL
Q9HAN9	NMNAT1
Q9HAP2	MLXIP
Q9HAS0	C17orf75
Q9HAS3	SLC28A3
Q9HAT2	SIAE
Q9HAU5	UPF2
Q9HAV0	GNB4
Q9HAV4	XPO5
Q9HAV7	GRPEL1
Q9HAW4	CLSPN
Q9HB19	PLEKHA2
Q9HB20	PLEKHA3
Q9HB21	PLEKHA1
Q9HB40	SCPEP1
Q9HB58	SP110
Q9HB71	CACYBP
Q9HB75	PIDD1
Q9HB90	RRAGC
Q9HBE5	IL21R
Q9HBF4	ZFYVE1
Q9HBG6	IFT122
Q9HBH0	RHOF
Q9HBH5	RDH14
Q9HBI0	PARVG
Q9HBI1	PARVB
Q9HBL0	TNS1
Q9HBL7	PLGRKT
Q9HBM6	TAF9B
Q9HBR0	SLC38A10
Q9HBU6	ETNK1
Q9HC07	TMEM165
Q9HC16	APOBEC3G
Q9HC21	SLC25A19
Q9HC24	TMBIM4
Q9HC35	EML4
Q9HC36	MRM3
Q9HC38	GLOD4
Q9HC44	GPBP1L1
Q9HC52	CBX8
Q9HC56	PCDH9
Q9HC58	SLC24A3
Q9HCC0	MCCC2
Q9HCC9	ZFYVE28
Q9HCD5	NCOA5
Q9HCD6	TANC2
Q9HCE0	EPG5
Q9HCE1	MOV10
Q9HCE5	METTL14
Q9HCE6	ARHGEF10L
Q9HCF6	TRPM3
Q9HCG7	GBA2
Q9HCG8	CWC22
Q9HCH0	NCKAP5L
Q9HCH5	SYTL2
Q9HCI7	MSL2
Q9HCJ0	TNRC6C
Q9HCK5	AGO4
Q9HCK8	CHD8
Q9HCM2	PLXNA4
Q9HCN3	PGAP6
Q9HCN4	GPN1
Q9HCN6	GP6
Q9HCN8	SDF2L1
Q9HCP0	CSNK1G1
Q9HCS7	XAB2
Q9HCU5	PREB
Q9HCU8	POLD4
Q9HCX3	ZNF304
Q9HD15	SRA1
Q9HD20	ATP13A1
Q9HD26	GOPC
Q9HD34	LYRM4
Q9HD42	CHMP1A
Q9HD45	TM9SF3
Q9HD89	RETN
Q9HDC5	JPH1
Q9HDC9	APMAP
Q9NNW5	WDR6
Q9NNW7	TXNRD2
Q9NNX6	CD209
Q9NP58	ABCB6
Q9NP59	SLC40A1
Q9NP61	ARFGAP3
Q9NP64	ZCCHC17
Q9NP66	HMG20A
Q9NP72	RAB18
Q9NP73	ALG13
Q9NP77	SSU72
Q9NP79	VTA1
Q9NP80	PNPLA8
Q9NP81	SARS2
Q9NP92	MRPS30
Q9NP97	DYNLRB1
Q9NP99	TREM1
Q9NPA0	EMC7
Q9NPA2	MMP25
Q9NPA8	ENY2
Q9NPB8	GPCPD1
Q9NPD3	EXOSC4
Q9NPE3	NOP10
Q9NPF2	CHST11
Q9NPF4	OSGEP
Q9NPF5	DMAP1
Q9NPF8	ADAP2
Q9NPG3	UBN1
Q9NPH2	ISYNA1
Q9NPH3	IL1RAP
Q9NPI1	BRD7
Q9NPI6	DCP1A
Q9NPJ3	ACOT13
Q9NPJ6	MED4
Q9NPL8	TIMMDC1
Q9NPP4	NLRC4
Q9NPQ8	RIC8A
Q9NPR9	GPR108
Q9NPY3	CD93
Q9NQ11	ATP13A2
Q9NQ25	SLAMF7
Q9NQ29	LUC7L
Q9NQ34	TMEM9B
Q9NQ48	LZTFL1
Q9NQ50	MRPL40
Q9NQ55	PPAN
Q9NQ66	PLCB1
Q9NQ75	CASS4
Q9NQ86	TRIM36
Q9NQ88	TIGAR
Q9NQ89	FERRY3
Q9NQA3	WASH6P
Q9NQC3	RTN4
Q9NQC7	CYLD
Q9NQE9	HINT3
Q9NQG5	RPRD1B
Q9NQG6	MIEF1
Q9NQG7	HPS4
Q9NQH7	XPNPEP3
Q9NQL2	RRAGD
Q9NQP4	PFDN4
Q9NQR4	NIT2
Q9NQS1	AVEN
Q9NQS7	INCENP
Q9NQT4	EXOSC5
Q9NQT5	EXOSC3
Q9NQT8	KIF13B
Q9NQW6	ANLN
Q9NQW7	XPNPEP1
Q9NQX3	GPHN
Q9NQX7	ITM2C
Q9NQZ2	UTP3
Q9NQZ5	STARD7
Q9NQZ7	ENTPD7
Q9NR09	BIRC6
Q9NR12	PDLIM7
Q9NR19	ACSS2
Q9NR28	DIABLO
Q9NR30	DDX21
Q9NR31	SAR1A
Q9NR33	POLE4
Q9NR45	NANS
Q9NR46	SH3GLB2
Q9NR50	EIF2B3
Q9NR56	MBNL1
Q9NR97	TLR8
Q9NRA1	PDGFC
Q9NRA2	SLC17A5
Q9NRA8	EIF4ENIF1
Q9NRB3	CHST12
Q9NRC1	ST7
Q9NRC6	SPTBN5
Q9NRD1	FBXO6
Q9NRD8	DUOX2
Q9NRF8	CTPS2
Q9NRF9	POLE3
Q9NRG0	CHRAC1
Q9NRG1	PRTFDC1
Q9NRG7	SDR39U1
Q9NRG9	AAAS
Q9NRH2	SNRK
Q9NRI5	DISC1
Q9NRK6	ABCB10
Q9NRL2	BAZ1A
Q9NRL3	STRN4
Q9NRM0	SLC2A9
Q9NRM6	IL17RB
Q9NRN7	AASDHPPT
Q9NRP0	OSTC
Q9NRP2	CMC2
Q9NRR1	CYTL1
Q9NRR5	UBQLN4
Q9NRS6	SNX15
Q9NRV9	HEBP1
Q9NRW1	RAB6B
Q9NRW3	APOBEC3C
Q9NRW4	DUSP22
Q9NRW7	VPS45
Q9NRX1	PNO1
Q9NRX2	MRPL17
Q9NRX5	SERINC1
Q9NRY2	INIP
Q9NRY4	ARHGAP35
Q9NRY5	FAM114A2
Q9NRY6	PLSCR3
Q9NRZ5	AGPAT4
Q9NRZ7	AGPAT3
Q9NRZ9	HELLS
Q9NS00	C1GALT1
Q9NS15	LTBP3
Q9NS18	GLRX2
Q9NS23	RASSF1
Q9NS28	RGS18
Q9NS69	TOMM22
Q9NS86	LANCL2
Q9NS87	KIF15
Q9NS91	RAD18
Q9NS93	TM7SF3
Q9NSB2	KRT84
Q9NSB4	KRT82
Q9NSC5	HOMER3
Q9NSD9	FARSB
Q9NSE4	IARS2
Q9NSI8	SAMSN1
Q9NSK0	KLC4
Q9NSU2	TREX1
Q9NSV4	DIAPH3
Q9NSY0	NRBP2
Q9NSY1	BMP2K
Q9NSY2	STARD5
Q9NT62	ATG3
Q9NTG7	SIRT3
Q9NTI5	PDS5B
Q9NTJ3	SMC4
Q9NTJ4	MAN2C1
Q9NTJ5	SACM1L
Q9NTK5	OLA1
Q9NTM9	CUTC
Q9NTN3	SLC35D1
Q9NTX5	ECHDC1
Q9NTX7	RNF146
Q9NTZ6	RBM12
Q9NU19	TBC1D22B
Q9NU22	MDN1
Q9NU23	LYRM2
Q9NU53	GINM1
Q9NUA8	ZBTB40
Q9NUB1	ACSS1
Q9NUD5	ZCCHC3
Q9NUD9	PIGV
Q9NUE0	ZDHHC18
Q9NUI1	DECR2
Q9NUJ1	ABHD10
Q9NUJ3	TCP11L1
Q9NUL3	STAU2
Q9NUL5	SHFL
Q9NUL7	DDX28
Q9NUM3	SLC39A9
Q9NUM4	TMEM106B
Q9NUN5	LMBRD1
Q9NUP1	BLOC1S4
Q9NUP9	LIN7C
Q9NUQ2	AGPAT5
Q9NUQ3	TXLNG
Q9NUQ6	SPATS2L
Q9NUQ7	UFSP2
Q9NUQ8	ABCF3
Q9NUQ9	CYRIB
Q9NUS5	AP5S1
Q9NUU6	OTULINL
Q9NUV9	GIMAP4
Q9NUW8	TDP1
Q9NUY8	TBC1D23
Q9NV06	DCAF13
Q9NV31	IMP3
Q9NV35	NUDT15
Q9NV56	MRGBP
Q9NV66	TYW1
Q9NV70	EXOC1
Q9NV88	INTS9
Q9NV92	NDFIP2
Q9NV96	TMEM30A
Q9NVA1	UQCC1
Q9NVA2	SEPTIN11
Q9NVA4	TMEM184C
Q9NVC3	SLC38A7
Q9NVC6	MED17
Q9NVE5	USP40
Q9NVE7	PANK4
Q9NVG8	TBC1D13
Q9NVH0	EXD2
Q9NVH1	DNAJC11
Q9NVH2	INTS7
Q9NVH6	TMLHE
Q9NVI1	FANCI
Q9NVI7	ATAD3A
Q9NVJ2	ARL8B
Q9NVK5	FGFR1OP2
Q9NVM1	EVA1B
Q9NVM6	DNAJC17
Q9NVM9	INTS13
Q9NVN8	GNL3L
Q9NVP1	DDX18
Q9NVP2	ASF1B
Q9NVQ4	FAIM
Q9NVR2	INTS10
Q9NVR5	DNAAF2
Q9NVS2	MRPS18A
Q9NVS9	PNPO
Q9NVT9	ARMC1
Q9NVU0	POLR3E
Q9NVU7	SDAD1
Q9NVV0	TMEM38B
Q9NVV4	MTPAP
Q9NVX0	HAUS2
Q9NVX2	NLE1
Q9NVZ3	NECAP2
Q9NW08	POLR3B
Q9NW13	RBM28
Q9NW15	ANO10
Q9NW64	RBM22
Q9NW68	BSDC1
Q9NW97	TMEM51
Q9NWA0	MED9
Q9NWF9	RNF216
Q9NWH9	SLTM
Q9NWK9	ZNHIT6
Q9NWL6	ASNSD1
Q9NWQ8	PAG1
Q9NWS0	PIH1D1
Q9NWS1	PARPBP
Q9NWS6	FAM118A
Q9NWS8	RMND1
Q9NWT1	PAK1IP1
Q9NWU1	OXSM
Q9NWU2	GID8
Q9NWU5	MRPL22
Q9NWV4	CZIB
Q9NWV8	BABAM1
Q9NWW5	CLN6
Q9NWW6	NMRK1
Q9NWX6	THG1L
Q9NWY4	HPF1
Q9NWZ3	IRAK4
Q9NWZ5	UCKL1
Q9NX01	TXNL4B
Q9NX02	NLRP2
Q9NX05	FAM120C
Q9NX07	TRNAU1AP
Q9NX08	COMMD8
Q9NX14	NDUFB11
Q9NX20	MRPL16
Q9NX24	NHP2
Q9NX40	OCIAD1
Q9NX46	ADPRS
Q9NX47	MARCHF5
Q9NX55	HYPK
Q9NX57	RAB20
Q9NX58	LYAR
Q9NX62	BPNT2
Q9NX63	CHCHD3
Q9NX70	MED29
Q9NX74	DUS2
Q9NX78	TMEM260
Q9NX94	WBP1L
Q9NXA8	SIRT5
Q9NXC2	GFOD1
Q9NXC5	MIOS
Q9NXD2	MTMR10
Q9NXE4	SMPD4
Q9NXE8	CWC25
Q9NXF1	TEX10
Q9NXF8	ZDHHC7
Q9NXG2	THUMPD1
Q9NXG6	P4HTM
Q9NXH8	TOR4A
Q9NXH9	TRMT1
Q9NXJ5	PGPEP1
Q9NXK6	PAQR5
Q9NXK8	FBXL12
Q9NXL6	SIDT1
Q9NXN4	GDAP2
Q9NXR1	NDE1
Q9NXR5	ANKRD10
Q9NXR7	BABAM2
Q9NXS2	QPCTL
Q9NXU5	ARL15
Q9NXV2	KCTD5
Q9NXV6	CDKN2AIP
Q9NXW2	DNAJB12
Q9NXW9	ALKBH4
Q9NXX6	NSMCE4A
Q9NY12	GAR1
Q9NY15	STAB1
Q9NY26	SLC39A1
Q9NY27	PPP4R2
Q9NY33	DPP3
Q9NY35	CLDND1
Q9NY59	SMPD3
Q9NY61	AATF
Q9NY64	SLC2A8
Q9NY65	TUBA8
Q9NY97	B3GNT2
Q9NYB0	TERF2IP
Q9NYB9	ABI2
Q9NYF8	BCLAF1
Q9NYG2	ZDHHC3
Q9NYH9	UTP6
Q9NYI0	PSD3
Q9NYJ1	COA4
Q9NYJ8	TAB2
Q9NYK1	TLR7
Q9NYK5	MRPL39
Q9NYL2	MAP3K20
Q9NYL4	FKBP11
Q9NYL9	TMOD3
Q9NYR9	NKIRAS2
Q9NYS0	NKIRAS1
Q9NYU2	UGGT1
Q9NYV4	CDK12
Q9NYV6	RRN3
Q9NYY8	FASTKD2
Q9NYZ4	SIGLEC8
Q9NZ01	TECR
Q9NZ08	ERAP1
Q9NZ09	UBAP1
Q9NZ32	ACTR10
Q9NZ43	USE1
Q9NZ45	CISD1
Q9NZ52	GGA3
Q9NZ63	C9orf78
Q9NZB2	FAM120A
Q9NZC2	TREM2
Q9NZC3	GDE1
Q9NZC9	SMARCAL1
Q9NZD2	GLTP
Q9NZD8	SPG21
Q9NZI6	TFCP2L1
Q9NZI7	UBP1
Q9NZJ5	EIF2AK3
Q9NZJ6	COQ3
Q9NZJ7	MTCH1
Q9NZK5	ADA2
Q9NZL4	HSPBP1
Q9NZL6	RGL1
Q9NZL9	MAT2B
Q9NZM1	MYOF
Q9NZM3	ITSN2
Q9NZM4	BICRA
Q9NZM5	NOP53
Q9NZN3	EHD3
Q9NZN5	ARHGEF12
Q9NZN8	CNOT2
Q9NZQ3	NCKIPSD
Q9NZQ7	CD274
Q9NZR1	TMOD2
Q9NZT2	OGFR
Q9NZV1	CRIM1
Q9NZV5	SELENON
Q9NZV6	MSRB1
Q9NZZ3	CHMP5
Q9P000	COMMD9
Q9P013	CWC15
Q9P015	MRPL15
Q9P016	THYN1
Q9P032	NDUFAF4
Q9P035	HACD3
Q9P086	MED11
Q9P0B6	CCDC167
Q9P0I2	EMC3
Q9P0J1	PDP1
Q9P0J7	KCMF1
Q9P0K7	RAI14
Q9P0K8	FOXJ2
Q9P0L0	VAPA
Q9P0M6	MACROH2A2
Q9P0M9	MRPL27
Q9P0P8	MTRES1
Q9P0R6	GSKIP
Q9P0S3	ORMDL1
Q9P0S9	TMEM14C
Q9P0U3	SENP1
Q9P0U4	CXXC1
Q9P0V8	SLAMF8
Q9P0V9	SEPTIN10
Q9P0W2	HMG20B
Q9P107	GMIP
Q9P1F3	ABRACL
Q9P1Q0	VPS54
Q9P1W8	SIRPG
Q9P1Y6	PHRF1
Q9P1Z2	CALCOCO1
Q9P206	NHSL3
Q9P215	POGK
Q9P219	CCDC88C
Q9P225	DNAH2
Q9P241	ATP10D
Q9P246	STIM2
Q9P253	VPS18
Q9P258	RCC2
Q9P260	RELCH
Q9P265	DIP2B
Q9P270	SLAIN2
Q9P275	USP36
Q9P287	BCCIP
Q9P289	STK26
Q9P291	ARMCX1
Q9P299	COPZ2
Q9P2A4	ABI3
Q9P2B2	PTGFRN
Q9P2B4	CTTNBP2NL
Q9P2D0	IBTK
Q9P2D1	CHD7
Q9P2D3	HEATR5B
Q9P2E3	ZNFX1
Q9P2E5	CHPF2
Q9P2E9	RRBP1
Q9P2F5	STOX2
Q9P2F8	SIPA1L2
Q9P2G1	ANKIB1
Q9P2H5	USP35
Q9P2I0	CPSF2
Q9P2J5	LARS1
Q9P2K3	RCOR3
Q9P2K5	MYEF2
Q9P2K6	KLHL42
Q9P2K8	EIF2AK4
Q9P2N5	RBM27
Q9P2N6	KANSL3
Q9P2Q2	FRMD4A
Q9P2R3	ANKFY1
Q9P2R6	RERE
Q9P2R7	SUCLA2
Q9P2T1	GMPR2
Q9P2W9	STX18
Q9P2X0	DPM3
Q9P2X3	IMPACT
Q9P2Y5	UVRAG
Q9UBB4	ATXN10
Q9UBB5	MBD2
Q9UBB6	NCDN
Q9UBB9	TFIP11
Q9UBC2	EPS15L1
Q9UBC3	DNMT3B
Q9UBD5	ORC3
Q9UBE0	SAE1
Q9UBF2	COPG2
Q9UBF6	RNF7
Q9UBF8	PI4KB
Q9UBG0	MRC2
Q9UBH6	XPR1
Q9UBI1	COMMD3
Q9UBI6	GNG12
Q9UBI9	HECA
Q9UBK8	MTRR
Q9UBL3	ASH2L
Q9UBM7	DHCR7
Q9UBN7	HDAC6
Q9UBP0	SPAST
Q9UBP6	METTL1
Q9UBQ0	VPS29
Q9UBQ5	EIF3K
Q9UBQ6	EXTL2
Q9UBQ7	GRHPR
Q9UBR2	CTSZ
Q9UBS4	DNAJB11
Q9UBS8	RNF14
Q9UBT2	UBA2
Q9UBU6	FAM8A1
Q9UBU9	NXF1
Q9UBV2	SEL1L
Q9UBV8	PEF1
Q9UBW5	BIN2
Q9UBW7	ZMYM2
Q9UBW8	COPS7A
Q9UBX3	SLC25A10
Q9UBY8	CLN8
Q9UD71	PPP1R1B
Q9UDT6	CLIP2
Q9UDW1	UQCR10
Q9UDY2	TJP2
Q9UDY4	DNAJB4
Q9UDY8	MALT1
Q9UEE5	STK17A
Q9UEE9	CFDP1
Q9UET6	FTSJ1
Q9UEU0	VTI1B
Q9UEW3	MARCO
Q9UEW8	STK39
Q9UEY8	ADD3
Q9UF47	DNAJC5B
Q9UF56	FBXL17
Q9UFC0	LRWD1
Q9UFF9	CNOT8
Q9UFG5	C19orf25
Q9UFN0	NIPSNAP3A
Q9UFW8	CGGBP1
Q9UG22	GIMAP2
Q9UG56	PISD
Q9UG63	ABCF2
Q9UGI8	TES
Q9UGJ0	PRKAG2
Q9UGJ1	TUBGCP4
Q9UGK8	SERGEF
Q9UGL1	KDM5B
Q9UGM6	WARS2
Q9UGN4	CD300A
Q9UGP4	LIMD1
Q9UGP5	POLL
Q9UGP8	SEC63
Q9UGQ3	SLC2A6
Q9UGR2	ZC3H7B
Q9UGU0	TCF20
Q9UGU5	HMGXB4
Q9UGV2	NDRG3
Q9UGY1	NOL12
Q9UH03	SEPTIN3
Q9UH62	ARMCX3
Q9UH65	SWAP70
Q9UH92	MLX
Q9UH99	SUN2
Q9UHA3	RSL24D1
Q9UHA4	LAMTOR3
Q9UHB6	LIMA1
Q9UHB7	AFF4
Q9UHB9	SRP68
Q9UHC6	CNTNAP2
Q9UHC7	MKRN1
Q9UHD1	CHORDC1
Q9UHD2	TBK1
Q9UHD8	SEPTIN9
Q9UHD9	UBQLN2
Q9UHF1	EGFL7
Q9UHF7	TRPS1
Q9UHG3	PCYOX1
Q9UHI5	SLC7A8
Q9UHI6	DDX20
Q9UHJ6	SHPK
Q9UHJ9	PGAP2
Q9UHK6	AMACR
Q9UHL4	DPP7
Q9UHN1	POLG2
Q9UHN6	CEMIP2
Q9UHP3	USP25
Q9UHQ1	NARF
Q9UHQ4	BCAP29
Q9UHQ9	CYB5R1
Q9UHR5	SAP30BP
Q9UHR6	ZNHIT2
Q9UHV9	PFDN2
Q9UHW5	GPN3
Q9UHW9	SLC12A6
Q9UHX1	PUF60
Q9UHX3	ADGRE2
Q9UHY1	NRBP1
Q9UHY7	ENOPH1
Q9UHY8	FEZ2
Q9UI08	EVL
Q9UI09	NDUFA12
Q9UI10	EIF2B4
Q9UI12	ATP6V1H
Q9UI15	TAGLN3
Q9UI26	IPO11
Q9UI30	TRMT112
Q9UI36	DACH1
Q9UIA0	CYTH4
Q9UIA9	XPO7
Q9UIB8	CD84
Q9UIC8	LCMT1
Q9UID3	VPS51
Q9UIF8	BAZ2B
Q9UIF9	BAZ2A
Q9UIG0	BAZ1B
Q9UII2	ATP5IF1
Q9UII4	HERC5
Q9UIJ7	AK3
Q9UIK4	DAPK2
Q9UIL1	SCOC
Q9UIL8	PHF11
Q9UIQ6	LNPEP
Q9UIS9	MBD1
Q9UIV1	CNOT7
Q9UIW2	PLXNA1
Q9UJ41	RABGEF1
Q9UJ68	MSRA
Q9UJ70	NAGK
Q9UJ83	HACL1
Q9UJA5	TRMT6
Q9UJF2	RASAL2
Q9UJG1	MOSPD1
Q9UJJ9	GNPTG
Q9UJK0	TSR3
Q9UJS0	SLC25A13
Q9UJU6	DBNL
Q9UJV9	DDX41
Q9UJW0	DCTN4
Q9UJX2	CDC23
Q9UJX3	ANAPC7
Q9UJX4	ANAPC5
Q9UJX5	ANAPC4
Q9UJX6	ANAPC2
Q9UJY4	GGA2
Q9UJY5	GGA1
Q9UJZ1	STOML2
Q9UK23	NAGPA
Q9UK41	VPS28
Q9UK45	LSM7
Q9UK53	ING1
Q9UK59	DBR1
Q9UK61	TASOR
Q9UK76	JPT1
Q9UK99	FBXO3
Q9UKA4	AKAP11
Q9UKD1	GMEB2
Q9UKD2	MRTO4
Q9UKE5	TNIK
Q9UKF6	CPSF3
Q9UKF7	PITPNC1
Q9UKG1	APPL1
Q9UKG9	CROT
Q9UKI8	TLK1
Q9UKJ1	PILRA
Q9UKJ3	GPATCH8
Q9UKK3	PARP4
Q9UKK9	NUDT5
Q9UKL0	RCOR1
Q9UKL6	PCTP
Q9UKM7	MAN1B1
Q9UKM9	RALY
Q9UKN8	GTF3C4
Q9UKQ2	ADAM28
Q9UKR5	ERG28
Q9UKS6	PACSIN3
Q9UKT5	FBXO4
Q9UKT8	FBXW2
Q9UKU7	ACAD8
Q9UKV3	ACIN1
Q9UKV5	AMFR
Q9UKV8	AGO2
Q9UKW4	VAV3
Q9UKX7	NUP50
Q9UKY1	ZHX1
Q9UKY7	CDV3
Q9UKZ1	CNOT11
Q9UL03	INTS6
Q9UL12	SARDH
Q9UL15	BAG5
Q9UL18	AGO1
Q9UL25	RAB21
Q9UL26	RAB22A
Q9UL45	BLOC1S6
Q9UL46	PSME2
Q9UL54	TAOK2
Q9UL63	MKLN1
Q9ULC3	RAB23
Q9ULC4	MCTS1
Q9ULC5	ACSL5
Q9ULD2	MTUS1
Q9ULD9	ZNF608
Q9ULE0	WWC3
Q9ULE6	PALD1
Q9ULF5	SLC39A10
Q9ULG1	INO80
Q9ULG6	CCPG1
Q9ULH0	KIDINS220
Q9ULH1	ASAP1
Q9ULH7	MRTFB
Q9ULI0	ATAD2B
Q9ULJ6	ZMIZ1
Q9ULK4	MED23
Q9ULL5	PRR12
Q9ULL8	SHROOM4
Q9ULM3	YEATS2
Q9ULP9	TBC1D24
Q9ULQ0	STRIP2
Q9ULQ1	TPCN1
Q9ULR0	ISY1
Q9ULR3	PPM1H
Q9ULS5	TMCC3
Q9ULT0	TTC7A
Q9ULT8	HECTD1
Q9ULU4	ZMYND8
Q9ULV3	CIZ1
Q9ULV4	CORO1C
Q9ULW0	TPX2
Q9ULX3	NOB1
Q9ULX6	AKAP8L
Q9ULX9	MAFF
Q9ULZ2	STAP1
Q9ULZ3	PYCARD
Q9UM00	TMCO1
Q9UM01	SLC7A7
Q9UM07	PADI4
Q9UM13	ANAPC10
Q9UM21	MGAT4A
Q9UM22	EPDR1
Q9UM54	MYO6
Q9UM82	SPATA2
Q9UMN6	KMT2B
Q9UMR2	DDX19B
Q9UMR7	CLEC4A
Q9UMS0	NFU1
Q9UMS4	PRPF19
Q9UMX0	UBQLN1
Q9UMX5	NENF
Q9UMY4	SNX12
Q9UMZ2	SYNRG
Q9UN19	DAPP1
Q9UN36	NDRG2
Q9UN37	VPS4A
Q9UN86	G3BP2
Q9UNA1	ARHGAP26
Q9UNE7	STUB1
Q9UNF0	PACSIN2
Q9UNF1	MAGED2
Q9UNH7	SNX6
Q9UNI6	DUSP12
Q9UNK0	STX8
Q9UNL2	SSR3
Q9UNM6	PSMD13
Q9UNN5	FAF1
Q9UNN8	PROCR
Q9UNP9	PPIE
Q9UNQ0	ABCG2
Q9UNQ2	DIMT1
Q9UNS1	TIMELESS
Q9UNS2	COPS3
Q9UNW1	MINPP1
Q9UNX4	WDR3
Q9UNY4	TTF2
Q9UNZ2	NSFL1C
Q9UNZ5	C19orf53
Q9UP65	PLA2G4C
Q9UP83	COG5
Q9UP95	SLC12A4
Q9UPI3	FLVCR2
Q9UPM8	AP4E1
Q9UPN3	MACF1
Q9UPN4	CEP131
Q9UPN6	SCAF8
Q9UPN7	PPP6R1
Q9UPN9	TRIM33
Q9UPP1	PHF8
Q9UPQ9	TNRC6B
Q9UPR0	PLCL2
Q9UPR3	SMG5
Q9UPT5	EXOC7
Q9UPT6	MAPK8IP3
Q9UPT8	ZC3H4
Q9UPT9	USP22
Q9UPU5	USP24
Q9UPU7	TBC1D2B
Q9UPV0	CEP164
Q9UPW0	FOXJ3
Q9UPW5	AGTPBP1
Q9UPY3	DICER1
Q9UPY5	SLC7A11
Q9UPY6	WASF3
Q9UPY8	MAPRE3
Q9UPZ3	HPS5
Q9UQ13	SHOC2
Q9UQ16	DNM3
Q9UQ35	SRRM2
Q9UQ49	NEU3
Q9UQ53	MGAT4B
Q9UQ80	PA2G4
Q9UQ88	CDK11A
Q9UQ90	SPG7
Q9UQB8	BAIAP2
Q9UQC2	GAB2
Q9UQE7	SMC3
Q9UQL6	HDAC5
Q9UQN3	CHMP2B
Q9UQR0	SCML2
Q9UQR1	ZNF148
Q9Y210	TRPC6
Q9Y217	MTMR6
Q9Y221	NIP7
Q9Y223	GNE
Q9Y224	RTRAF
Q9Y225	RNF24
Q9Y227	ENTPD4
Q9Y228	TRAF3IP3
Q9Y230	RUVBL2
Q9Y232	CDYL
Q9Y237	PIN4
Q9Y240	CLEC11A
Q9Y243	AKT3
Q9Y251	HPSE
Q9Y256	RCE1
Q9Y257	KCNK6
Q9Y259	CHKB
Q9Y262	EIF3L
Q9Y263	PLAA
Q9Y264	ANGPT4
Q9Y265	RUVBL1
Q9Y266	NUDC
Q9Y276	BCS1L
Q9Y277	VDAC3
Q9Y279	VSIG4
Q9Y281	CFL2
Q9Y282	ERGIC3
Q9Y285	FARSA
Q9Y286	SIGLEC7
Q9Y287	ITM2B
Q9Y291	MRPS33
Q9Y294	ASF1A
Q9Y295	DRG1
Q9Y296	TRAPPC4
Q9Y2A7	NCKAP1
Q9Y2B0	CNPY2
Q9Y2D0	CA5B
Q9Y2D2	SLC35A3
Q9Y2D4	EXOC6B
Q9Y2D5	PALM2AKAP2
Q9Y2E5	MAN2B2
Q9Y2F5	ICE1
Q9Y2G2	CARD8
Q9Y2G3	ATP11B
Q9Y2G5	POFUT2
Q9Y2G8	DNAJC16
Q9Y2H0	DLGAP4
Q9Y2H1	STK38L
Q9Y2H6	FNDC3A
Q9Y2I1	NISCH
Q9Y2I7	PIKFYVE
Q9Y2I8	WDR37
Q9Y2J2	EPB41L3
Q9Y2J8	PADI2
Q9Y2K1	ZBTB1
Q9Y2K5	R3HDM2
Q9Y2K7	KDM2A
Q9Y2L1	DIS3
Q9Y2L5	TRAPPC8
Q9Y2L6	FRMD4B
Q9Y2L9	LRCH1
Q9Y2P8	RCL1
Q9Y2Q0	ATP8A1
Q9Y2Q3	GSTK1
Q9Y2Q5	LAMTOR2
Q9Y2Q9	MRPS28
Q9Y2R0	COA3
Q9Y2R2	PTPN22
Q9Y2R4	DDX52
Q9Y2R5	MRPS17
Q9Y2R9	MRPS7
Q9Y2S2	CRYL1
Q9Y2S7	POLDIP2
Q9Y2T2	AP3M1
Q9Y2U5	MAP3K2
Q9Y2U8	LEMD3
Q9Y2V2	CARHSP1
Q9Y2V7	COG6
Q9Y2W1	THRAP3
Q9Y2W2	WBP11
Q9Y2W6	TDRKH
Q9Y2X0	MED16
Q9Y2X3	NOP58
Q9Y2X7	GIT1
Q9Y2X9	ZNF281
Q9Y2Y8	PRG3
Q9Y2Z0	SUGT1
Q9Y2Z2	MTO1
Q9Y2Z4	YARS2
Q9Y2Z9	COQ6
Q9Y303	AMDHD2
Q9Y305	ACOT9
Q9Y314	NOSIP
Q9Y315	DERA
Q9Y316	MEMO1
Q9Y320	TMX2
Q9Y333	LSM2
Q9Y336	SIGLEC9
Q9Y343	SNX24
Q9Y365	STARD10
Q9Y371	SH3GLB1
Q9Y375	NDUFAF1
Q9Y376	CAB39
Q9Y383	LUC7L2
Q9Y385	UBE2J1
Q9Y388	RBMX2
Q9Y394	DHRS7
Q9Y399	MRPS2
Q9Y3A2	UTP11
Q9Y3A3	MOB4
Q9Y3A4	RRP7A
Q9Y3A5	SBDS
Q9Y3A6	TMED5
Q9Y3B2	EXOSC1
Q9Y3B3	TMED7
Q9Y3B4	SF3B6
Q9Y3B6	EMC9
Q9Y3B7	MRPL11
Q9Y3B8	REXO2
Q9Y3C0	WASHC3
Q9Y3C4	TPRKB
Q9Y3C6	PPIL1
Q9Y3C7	MED31
Q9Y3C8	UFC1
Q9Y3D0	CIAO2B
Q9Y3D2	MSRB2
Q9Y3D3	MRPS16
Q9Y3D6	FIS1
Q9Y3D7	PAM16
Q9Y3D8	AK6
Q9Y3D9	MRPS23
Q9Y3E0	GOLT1B
Q9Y3E1	HDGFL3
Q9Y3E5	PTRH2
Q9Y3E7	CHMP3
Q9Y3F4	STRAP
Q9Y3I0	RTCB
Q9Y3I1	FBXO7
Q9Y3L3	SH3BP1
Q9Y3L5	RAP2C
Q9Y3P9	RABGAP1
Q9Y3Q3	TMED3
Q9Y3Q8	TSC22D4
Q9Y3R5	DOP1B
Q9Y3T9	NOC2L
Q9Y3U8	RPL36
Q9Y3X0	CCDC9
Q9Y3Y2	CHTOP
Q9Y3Z3	SAMHD1
Q9Y450	HBS1L
Q9Y478	PRKAB1
Q9Y483	MTF2
Q9Y485	DMXL1
Q9Y487	ATP6V0A2
Q9Y490	TLN1
Q9Y4A5	TRRAP
Q9Y4B4	RAD54L2
Q9Y4B5	MTCL1
Q9Y4B6	DCAF1
Q9Y4C1	KDM3A
Q9Y4C2	TCAF1
Q9Y4C8	RBM19
Q9Y4D1	DAAM1
Q9Y4D7	PLXND1
Q9Y4D8	HECTD4
Q9Y4E1	WASHC2C
Q9Y4E5	ZNF451
Q9Y4E6	WDR7
Q9Y4E8	USP15
Q9Y4F1	FARP1
Q9Y4F3	MARF1
Q9Y4F9	RIPOR2
Q9Y4G2	PLEKHM1
Q9Y4G6	TLN2
Q9Y4G8	RAPGEF2
Q9Y4H2	IRS2
Q9Y4H4	GPSM3
Q9Y4I1	MYO5A
Q9Y4K1	CRYBG1
Q9Y4K3	TRAF6
Q9Y4K4	MAP4K5
Q9Y4L1	HYOU1
Q9Y4P1	ATG4B
Q9Y4P3	TBL2
Q9Y4P8	WIPI2
Q9Y4R8	TELO2
Q9Y4W2	LAS1L
Q9Y4W6	AFG3L2
Q9Y4X5	ARIH1
Q9Y4Y9	LSM5
Q9Y4Z0	LSM4
Q9Y508	RNF114
Q9Y512	SAMM50
Q9Y520	PRRC2C
Q9Y530	OARD1
Q9Y547	IFT25
Q9Y548	YIPF1
Q9Y561	LRP12
Q9Y570	PPME1
Q9Y572	RIPK3
Q9Y580	RBM7
Q9Y584	TIMM22
Q9Y592	CEP83
Q9Y5A7	NUB1
Q9Y5A9	YTHDF2
Q9Y5B0	CTDP1
Q9Y5B6	PAXBP1
Q9Y5B8	NME7
Q9Y5B9	SUPT16H
Q9Y5G5	PCDHGA8
Q9Y5J1	UTP18
Q9Y5J6	TIMM10B
Q9Y5J7	TIMM9
Q9Y5J9	TIMM8B
Q9Y5K5	UCHL5
Q9Y5K6	CD2AP
Q9Y5K8	ATP6V1D
Q9Y5L0	TNPO3
Q9Y5L4	TIMM13
Q9Y5M8	SRPRB
Q9Y5P4	CERT1
Q9Y5P6	GMPPB
Q9Y5Q8	GTF3C5
Q9Y5Q9	GTF3C3
Q9Y5R8	TRAPPC1
Q9Y5S1	TRPV2
Q9Y5S2	CDC42BPB
Q9Y5S9	RBM8A
Q9Y5T4	DNAJC15
Q9Y5T5	USP16
Q9Y5U2	TSSC4
Q9Y5U5	TNFRSF18
Q9Y5U8	MPC1
Q9Y5U9	IER3IP1
Q9Y5V0	ZNF706
Q9Y5W7	SNX14
Q9Y5W8	SNX13
Q9Y5W9	SNX11
Q9Y5X0	SNX10
Q9Y5X1	SNX9
Q9Y5X2	SNX8
Q9Y5X3	SNX5
Q9Y5Y2	NUBP2
Q9Y5Y4	PTGDR2
Q9Y5Y5	PEX16
Q9Y5Y6	ST14
Q9Y5Z4	HEBP2
Q9Y5Z7	HCFC2
Q9Y5Z9	UBIAD1
Q9Y605	MRFAP1
Q9Y606	PUS1
Q9Y608	LRRFIP2
Q9Y613	FHOD1
Q9Y616	IRAK3
Q9Y617	PSAT1
Q9Y618	NCOR2
Q9Y619	SLC25A15
Q9Y624	F11R
Q9Y639	NPTN
Q9Y646	CPQ
Q9Y653	ADGRG1
Q9Y657	SPIN1
Q9Y666	SLC12A7
Q9Y672	ALG6
Q9Y673	ALG5
Q9Y676	MRPS18B
Q9Y678	COPG1
Q9Y679	AUP1
Q9Y696	CLIC4
Q9Y697	NFS1
Q9Y6A4	CFAP20
Q9Y6A5	TACC3
Q9Y6B6	SAR1B
Q9Y6B7	AP4B1
Q9Y6C2	EMILIN1
Q9Y6C9	MTCH2
Q9Y6D5	ARFGEF2
Q9Y6D6	ARFGEF1
Q9Y6D9	MAD1L1
Q9Y6E0	STK24
Q9Y6E2	BZW2
Q9Y6F6	IRAG1
Q9Y6G3	MRPL42
Q9Y6G5	COMMD10
Q9Y6G9	DYNC1LI1
Q9Y6H6	KCNE3
Q9Y6I3	EPN1
Q9Y6I4	USP3
Q9Y6I9	TEX264
Q9Y6J0	CABIN1
Q9Y6J9	TAF6L
Q9Y6K0	CEPT1
Q9Y6K1	DNMT3A
Q9Y6K5	OAS3
Q9Y6K9	IKBKG
Q9Y6M0	PRSS21
Q9Y6M1	IGF2BP2
Q9Y6M5	SLC30A1
Q9Y6M7	SLC4A7
Q9Y6M9	NDUFB9
Q9Y6N1	COX11
Q9Y6N5	SQOR
Q9Y6Q2	STON1
Q9Y6Q9	NCOA3
Q9Y6R0	NUMBL
Q9Y6R4	MAP3K4
Q9Y6R9	CCDC61
Q9Y6U3	SCIN
Q9Y6V7	DDX49
Q9Y6W3	CAPN7
Q9Y6W5	WASF2
Q9Y6X3	MAU2
Q9Y6X5	ENPP4
Q9Y6X8	ZHX2
Q9Y6X9	MORC2
Q9Y6Y0	IVNS1ABP
Q9Y6Y8	SEC23IP
